timestamp,ecg_raw,ecg_voltage,temperature,ecg_change_percent,temp_change_celsius,bpm
1764360801.4983003,9801,1.2854,28.73,-4.722531067292916,0.07346938775510026,70
1764360801.6000047,9901,1.2805,27.79,-5.085732870443902,-0.866530612244901,70
1764360801.7019317,10001,1.2854,28.7,-4.722531067292916,0.04346938775509912,70
1764360801.8042793,10101,1.2854,28.66,-4.722531067292916,0.003469387755099973,70
1764360801.908142,10201,1.2903,28.99,-4.359329264141947,0.33346938775509827,70
1764360802.009989,10301,1.2854,28.88,-4.722531067292916,0.22346938775509884,70
1764360802.1121724,10401,1.2854,28.59,-4.722531067292916,-0.06653061224490031,70
1764360802.213962,10501,1.2805,27.75,-5.085732870443902,-0.9065306122449002,70
1764360802.3165367,10601,1.2805,28.4,-5.085732870443902,-0.2565306122449016,70
1764360802.4188378,10701,1.2854,29.03,-4.722531067292916,0.37346938775510097,70
1764360802.5212598,10801,1.2903,28.95,-4.359329264141947,0.2934693877550991,70
1764360802.6272178,10901,1.2854,28.84,-4.722531067292916,0.1834693877550997,70
1764360802.7293952,11001,1.2854,28.84,-4.722531067292916,0.1834693877550997,70
1764360802.8311698,11101,1.2854,28.73,-4.722531067292916,0.07346938775510026,70
1764360802.933146,11201,1.2805,28.84,-5.085732870443902,0.1834693877550997,70
1764360803.035354,11301,1.2805,28.26,-5.085732870443902,-0.3965306122448986,70
1764360803.140239,11401,1.2854,29.1,-4.722531067292916,0.44346938775510125,70
1764360803.2423708,11501,1.2854,29.03,-4.722531067292916,0.37346938775510097,70
1764360803.3439603,11601,1.2805,28.95,-5.085732870443902,0.2934693877550991,70
1764360803.4458406,11701,1.2854,28.92,-4.722531067292916,0.26346938775510154,70
1764360803.5481026,11801,1.2805,29.62,-5.085732870443902,0.9634693877551008,70
1764360803.6501665,11901,1.2805,28.48,-5.085732870443902,-0.17653061224489974,70
1764360803.7518532,12001,1.2805,28.92,-5.085732870443902,0.26346938775510154,70
1764360803.8542116,12101,1.2805,29.21,-5.085732870443902,0.5534693877551007,70
1764360803.9574213,12201,1.2805,28.44,-5.085732870443902,-0.2165306122448989,70
1764360804.059632,12301,1.2805,29.06,-5.085732870443902,0.40346938775509855,70
1764360804.1616364,12401,1.2805,29.54,-5.085732870443902,0.883469387755099,99
1764360804.2644553,12501,1.2805,32.28,-5.085732870443902,3.623469387755101,99
1764360804.36681,12601,1.2854,30.22,-4.722531067292916,1.5634693877550987,99
1764360804.469805,12701,1.2805,29.73,-5.085732870443902,1.0734693877551003,99
1764360804.572737,12801,1.2805,30.69,-5.085732870443902,2.033469387755101,99
1764360804.6747465,12901,1.2757,28.7,-5.441522391897913,0.04346938775509912,99
1764360804.7770686,13001,1.2805,29.99,-5.085732870443902,1.3334693877550983,89
1764360804.8797517,13101,1.2757,30.65,-5.441522391897913,1.9934693877550984,79
1764360804.9820857,13201,1.2903,31.96,-4.359329264141947,3.3034693877551007,69
1764360805.0843854,13301,1.2805,31.92,-5.085732870443902,3.2634693877551015,59
1764360805.1880417,13401,1.2854,32.24,-4.722531067292916,3.583469387755102,49
1764360805.290589,13501,1.2854,32.64,-4.722531067292916,3.9834693877551004,49
1764360805.3922617,13601,1.2854,31.76,-4.722531067292916,3.1034693877551014,49
1764360805.4944675,13701,1.2854,32.28,-4.722531067292916,3.623469387755101,49
1764360805.5968971,13801,1.2854,32.4,-4.722531067292916,3.7434693877550984,49
1764360805.6988232,13901,1.2805,29.69,-5.085732870443902,1.033469387755101,49
1764360805.8012726,14001,1.2854,32.12,-4.722531067292916,3.4634693877550973,49
1764360805.904635,14101,1.2854,32.12,-4.722531067292916,3.4634693877550973,49
1764360806.0068257,14201,1.2805,32.56,-5.085732870443902,3.903469387755102,49
1764360806.1085699,14301,1.2854,32.36,-4.722531067292916,3.7034693877550993,48
1764360806.2111921,14401,1.2854,32.44,-4.722531067292916,3.7834693877550976,47
1764360806.313753,14501,1.2805,32.85,-5.085732870443902,4.193469387755101,45
1764360806.4164686,14601,1.2854,32.6,-4.722531067292916,3.9434693877551013,44
1764360806.5191338,14701,1.2854,32.64,-4.722531067292916,3.9834693877551004,43
1764360806.6230996,14801,1.2854,32.12,-4.722531067292916,3.4634693877550973,43
1764360806.724897,14901,1.2854,32.6,-4.722531067292916,3.9434693877551013,43
1764360806.8268871,15001,1.2854,32.2,-4.722531067292916,3.5434693877551027,43
1764360806.9290545,15101,1.2854,32.24,-4.722531067292916,3.583469387755102,43
1764360807.031373,15201,1.2854,32.2,-4.722531067292916,3.5434693877551027,43
1764360807.1339815,15301,1.2854,32.68,-4.722531067292916,4.0234693877550995,43
1764360807.237698,15401,1.2854,32.72,-4.722531067292916,4.063469387755099,43
1764360807.3398874,15501,1.2903,31.8,-4.359329264141947,3.1434693877551005,43
1764360807.4415965,15601,1.2757,32.56,-5.441522391897913,3.903469387755102,43
1764360807.5434139,15701,1.2854,32.52,-4.722531067292916,3.863469387755103,43
1764360807.6453896,15801,1.2854,32.12,-4.722531067292916,3.4634693877550973,43
1764360807.7475274,15901,1.2854,31.96,-4.722531067292916,3.3034693877551007,43
1764360807.8507056,16001,1.2854,32.4,-4.722531067292916,3.7434693877550984,43
1764360807.9547594,16101,1.2854,32.52,-4.722531067292916,3.863469387755103,43
1764360808.0568593,16201,1.2854,31.96,-4.722531067292916,3.3034693877551007,43
1764360808.1602101,16301,1.2854,32.6,-4.722531067292916,3.9434693877551013,43
1764360808.2624035,16401,1.2854,32.6,-4.722531067292916,3.9434693877551013,43
1764360808.3648381,16501,1.2757,32.8,-5.441522391897913,4.143469387755097,43
1764360808.4673417,16601,1.2757,32.8,-5.441522391897913,4.143469387755097,43
1764360808.570432,16701,1.2805,32.6,-5.085732870443902,3.9434693877551013,43
1764360808.6727304,16801,1.2805,32.44,-5.085732870443902,3.7834693877550976,43
1764360808.7743874,16901,1.2903,32.24,-4.359329264141947,3.583469387755102,43
1764360808.876409,17001,1.2805,32.8,-5.085732870443902,4.143469387755097,42
1764360808.9789925,17101,1.2854,32.28,-4.722531067292916,3.623469387755101,42
1764360809.0812829,17201,1.2854,32.24,-4.722531067292916,3.583469387755102,41
1764360809.1836438,17301,1.2805,32.8,-5.085732870443902,4.143469387755097,40
1764360809.2896721,17401,1.2805,32.8,-5.085732870443902,4.143469387755097,40
1764360809.3923159,17501,1.2805,32.89,-5.085732870443902,4.2334693877551,40
1764360809.494658,17601,1.2708,31.92,-5.804724195048898,3.2634693877551015,40
1764360809.597474,17701,1.2805,32.76,-5.085732870443902,4.103469387755098,40
1764360809.7000802,17801,1.2805,33.05,-5.085732870443902,4.393469387755097,40
1764360809.8026507,17901,1.2854,31.6,-4.722531067292916,2.9434693877551013,40
1764360809.9046319,18001,1.2805,33.05,-5.085732870443902,4.393469387755097,45
1764360810.006706,18101,1.2854,32.68,-4.722531067292916,4.0234693877550995,49
1764360810.1088033,18201,1.2854,32.72,-4.722531067292916,4.063469387755099,54
1764360810.2111309,18301,1.2854,32.76,-4.722531067292916,4.103469387755098,58
1764360810.3139753,18401,1.2854,32.56,-4.722531067292916,3.903469387755102,63
1764360810.4165206,18501,1.2903,31.68,-4.359329264141947,3.0234693877550995,63
1764360810.5204277,18601,1.2854,32.76,-4.722531067292916,4.103469387755098,64
1764360810.6225157,18701,1.2854,32.68,-4.722531067292916,4.0234693877550995,64
1764360810.7250679,18801,1.2854,32.72,-4.722531067292916,4.063469387755099,64
1764360810.8270965,18901,1.2854,31.6,-4.722531067292916,2.9434693877551013,65
1764360810.929763,19001,1.2854,32.85,-4.722531067292916,4.193469387755101,65
1764360811.0321865,19101,1.2903,32.76,-4.359329264141947,4.103469387755098,65
1764360811.1354582,19201,1.2854,32.52,-4.722531067292916,3.863469387755103,61
1764360811.2375953,19301,1.2854,32.89,-4.722531067292916,4.2334693877551,56
1764360811.3396456,19401,1.2854,32.72,-4.722531067292916,4.063469387755099,56
1764360811.442048,19501,1.2952,32.32,-3.9961274609909787,3.6634693877551,51
1764360811.5445778,19601,1.2903,32.52,-4.359329264141947,3.863469387755103,51
1764360811.6470807,19701,1.2903,32.97,-4.359329264141947,4.313469387755099,51
1764360811.7509346,19801,1.2854,32.64,-4.722531067292916,3.9834693877551004,51
1764360811.8533802,19901,1.2854,33.17,-4.722531067292916,4.5134693877551015,51
1764360811.9553463,20001,1.2854,32.64,-4.722531067292916,3.9834693877551004,51
1764360812.0573797,20101,1.2854,32.72,-4.722531067292916,4.063469387755099,51
1764360812.1599379,20201,1.2854,32.4,-4.722531067292916,3.7434693877550984,51
1764360812.2624164,20301,1.2952,32.36,-3.9961274609909787,3.7034693877550993,51
1764360812.36543,20401,1.2903,33.01,-4.359329264141947,4.353469387755098,51
1764360812.4682934,20501,1.2903,32.16,-4.359329264141947,3.5034693877550964,51
1764360812.5708714,20601,1.2903,32.52,-4.359329264141947,3.863469387755103,51
1764360812.6729774,20701,1.2903,32.89,-4.359329264141947,4.2334693877551,46
1764360812.7754583,20801,1.2854,31.96,-4.722531067292916,3.3034693877551007,46
1764360812.8779075,20901,1.2854,32.64,-4.722531067292916,3.9834693877551004,46
1764360812.980468,21001,1.2854,31.96,-4.722531067292916,3.3034693877551007,41
1764360813.08416,21101,1.2854,31.84,-4.722531067292916,3.1834693877550997,42
1764360813.1860654,21201,1.2854,32.72,-4.722531067292916,4.063469387755099,42
1764360813.2880948,21301,1.2854,32.85,-4.722531067292916,4.193469387755101,42
1764360813.390188,21401,1.2854,32.72,-4.722531067292916,4.063469387755099,42
1764360813.4925108,21501,1.2854,32.8,-4.722531067292916,4.143469387755097,42
1764360813.5948875,21601,1.2854,32.97,-4.722531067292916,4.313469387755099,42
1764360813.6974795,21701,1.2854,31.68,-4.722531067292916,3.0234693877550995,42
1764360813.800402,21801,1.2805,32.4,-5.085732870443902,3.7434693877550984,42
1764360813.9026878,21901,1.2854,32.8,-4.722531067292916,4.143469387755097,42
1764360814.0046732,22001,1.2757,32.97,-5.441522391897913,4.313469387755099,42
1764360814.1074038,22101,1.2854,31.4,-4.722531067292916,2.7434693877550984,42
1764360814.2091506,22201,1.2854,32.52,-4.722531067292916,3.863469387755103,42
1764360814.311028,22301,1.2854,31.76,-4.722531067292916,3.1034693877551014,42
1764360814.4128363,22401,1.2854,32.76,-4.722531067292916,4.103469387755098,42
1764360814.515847,22501,1.2854,32.6,-4.722531067292916,3.9434693877551013,42
1764360814.6180859,22601,1.2854,32.28,-4.722531067292916,3.623469387755101,42
1764360814.7199538,22701,1.2854,32.85,-4.722531067292916,4.193469387755101,42
1764360814.8227377,22801,1.2854,32.12,-4.722531067292916,3.4634693877550973,42
1764360814.9252,22901,1.2854,32.68,-4.722531067292916,4.0234693877550995,42
1764360815.0273035,23001,1.2805,32.64,-5.085732870443902,3.9834693877551004,42
1764360815.1295798,23101,1.2805,32.76,-5.085732870443902,4.103469387755098,43
1764360815.2328136,23201,1.2854,32.85,-4.722531067292916,4.193469387755101,45
1764360815.335313,23301,1.2903,32.48,-4.359329264141947,3.8234693877550967,46
1764360815.4377117,23401,1.2805,33.13,-5.085732870443902,4.473469387755102,46
1764360815.539671,23501,1.2854,33.3,-4.722531067292916,4.643469387755097,46
1764360815.6420214,23601,1.2854,33.17,-4.722531067292916,4.5134693877551015,46
1764360815.7445064,23701,1.2854,32.52,-4.722531067292916,3.863469387755103,46
1764360815.8483365,23801,1.2854,33.01,-4.722531067292916,4.353469387755098,46
1764360815.950474,23901,1.2903,31.76,-4.359329264141947,3.1034693877551014,46
1764360816.0521438,24001,1.2903,32.76,-4.359329264141947,4.103469387755098,46
1764360816.1538322,24101,1.2903,33.05,-4.359329264141947,4.393469387755097,46
1764360816.2559266,24201,1.2903,32.76,-4.359329264141947,4.103469387755098,46
1764360816.358631,24301,1.2903,32.36,-4.359329264141947,3.7034693877550993,46
1764360816.4612112,24401,1.2903,33.13,-4.359329264141947,4.473469387755102,46
1764360816.5645823,24501,1.2903,33.46,-4.359329264141947,4.803469387755101,46
1764360816.6671467,24601,1.2854,32.64,-4.722531067292916,3.9834693877551004,46
1764360816.7694068,24701,1.2854,32.04,-4.722531067292916,3.383469387755099,46
1764360816.871981,24801,1.2903,32.4,-4.359329264141947,3.7434693877550984,44
1764360816.974663,24901,1.2854,32.89,-4.722531067292916,4.2334693877551,43
1764360817.0768378,25001,1.2903,32.36,-4.359329264141947,3.7034693877550993,42
1764360817.1803858,25101,1.2903,33.17,-4.359329264141947,4.5134693877551015,43
1764360817.2827935,25201,1.2903,33.21,-4.359329264141947,4.553469387755101,44
1764360817.3846958,25301,1.2903,32.72,-4.359329264141947,4.063469387755099,45
1764360817.4869807,25401,1.2854,33.01,-4.722531067292916,4.353469387755098,44
1764360817.5891535,25501,1.2952,32.48,-3.9961274609909787,3.8234693877550967,44
1764360817.6915376,25601,1.2903,32.64,-4.359329264141947,3.9834693877551004,45
1764360817.7944293,25701,1.2903,33.01,-4.359329264141947,4.353469387755098,46
1764360817.8979034,25801,1.2903,33.01,-4.359329264141947,4.353469387755098,46
1764360818.0001576,25901,1.2903,32.76,-4.359329264141947,4.103469387755098,47
1764360818.102442,26001,1.2903,32.6,-4.359329264141947,3.9434693877551013,48
1764360818.2044404,26101,1.2854,32.93,-4.722531067292916,4.2734693877550995,48
1764360818.3067205,26201,1.2903,32.12,-4.359329264141947,3.4634693877550973,48
1764360818.4093144,26301,1.2854,32.76,-4.722531067292916,4.103469387755098,49
1764360818.5128517,26401,1.2854,31.92,-4.722531067292916,3.2634693877551015,49
1764360818.6155856,26501,1.2854,33.01,-4.722531067292916,4.353469387755098,50
1764360818.7174041,26601,1.2903,32.64,-4.359329264141947,3.9834693877551004,51
1764360818.8195205,26701,1.2903,33.38,-4.359329264141947,4.723469387755102,51
1764360818.9216685,26801,1.2903,32.72,-4.359329264141947,4.063469387755099,52
1764360819.0240557,26901,1.2903,32.85,-4.359329264141947,4.193469387755101,52
1764360819.1262226,27001,1.2903,32.64,-4.359329264141947,3.9834693877551004,53
1764360819.230387,27101,1.2903,33.34,-4.359329264141947,4.683469387755103,53
1764360819.3324194,27201,1.2903,32.85,-4.359329264141947,4.193469387755101,54
1764360819.4362786,27301,1.2903,32.8,-4.359329264141947,4.143469387755097,54
1764360819.5387805,27401,1.2952,32.52,-3.9961274609909787,3.863469387755103,54
1764360819.6411862,27501,1.2903,32.8,-4.359329264141947,4.143469387755097,54
1764360819.7437196,27601,1.2903,32.85,-4.359329264141947,4.193469387755101,54
1764360819.8466465,27701,1.2903,31.76,-4.359329264141947,3.1034693877551014,54
1764360819.9485054,27801,1.2952,32.56,-3.9961274609909787,3.903469387755102,54
1764360820.0505643,27901,1.2903,33.05,-4.359329264141947,4.393469387755097,53
1764360820.1532497,28001,1.2903,32.8,-4.359329264141947,4.143469387755097,53
1764360820.2555485,28101,1.2903,32.85,-4.359329264141947,4.193469387755101,52
1764360820.3574965,28201,1.2854,32.89,-4.722531067292916,4.2334693877551,52
1764360820.4597852,28301,1.3001,32.48,-3.632925657839993,3.8234693877550967,51
1764360820.564978,28401,1.2903,32.12,-4.359329264141947,3.4634693877550973,52
1764360820.6670332,28501,1.2854,32.89,-4.722531067292916,4.2334693877551,52
1764360820.7691681,28601,1.2903,32.8,-4.359329264141947,4.143469387755097,53
1764360820.8717968,28701,1.2903,33.13,-4.359329264141947,4.473469387755102,53
1764360820.9742393,28801,1.2903,32.64,-4.359329264141947,3.9834693877551004,54
1764360821.0787358,28901,1.2952,32.48,-3.9961274609909787,3.8234693877550967,54
1764360821.1809468,29001,1.2854,32.04,-4.722531067292916,3.383469387755099,55
1764360821.283048,29101,1.2854,32.68,-4.722531067292916,4.0234693877550995,55
1764360821.385075,29201,1.2903,33.26,-4.359329264141947,4.603469387755098,56
1764360821.4875708,29301,1.2854,32.68,-4.722531067292916,4.0234693877550995,56
1764360821.5895152,29401,1.2903,32.8,-4.359329264141947,4.143469387755097,57
1764360821.6914566,29501,1.2903,32.48,-4.359329264141947,3.8234693877550967,56
1764360821.795366,29601,1.2903,33.54,-4.359329264141947,4.883469387755099,56
1764360821.897678,29701,1.2903,32.04,-4.359329264141947,3.383469387755099,56
1764360821.9996574,29801,1.2903,33.21,-4.359329264141947,4.553469387755101,55
1764360822.101782,29901,1.2903,32.8,-4.359329264141947,4.143469387755097,55
1764360822.2040234,30001,1.2903,32.8,-4.359329264141947,4.143469387755097,55
1764360822.3071158,30101,1.2903,32.24,-4.359329264141947,3.583469387755102,55
1764360822.4104087,30201,1.2903,32.36,-4.359329264141947,3.7034693877550993,59
1764360822.5140722,30301,1.2903,33.3,-4.359329264141947,4.643469387755097,63
1764360822.616557,30401,1.2903,32.64,-4.359329264141947,3.9834693877551004,67
1764360822.719538,30501,1.2903,33.59,-4.359329264141947,4.933469387755103,71
1764360822.8217442,30601,1.2903,32.4,-4.359329264141947,3.7434693877550984,74
1764360822.9243817,30701,1.2903,32.56,-4.359329264141947,3.903469387755102,74
1764360823.028736,30801,1.2903,32.4,-4.359329264141947,3.7434693877550984,74
1764360823.1306014,30901,1.2903,32.4,-4.359329264141947,3.7434693877550984,74
1764360823.2325053,31001,1.2854,32.4,-4.722531067292916,3.7434693877550984,74
1764360823.334789,31101,1.2903,32.64,-4.359329264141947,3.9834693877551004,73
1764360823.437485,31201,1.2903,33.3,-4.359329264141947,4.643469387755097,72
1764360823.539959,31301,1.2903,33.05,-4.359329264141947,4.393469387755097,71
1764360823.6434062,31401,1.2903,32.36,-4.359329264141947,3.7034693877550993,70
1764360823.7459466,31501,1.2952,32.56,-3.9961274609909787,3.903469387755102,67
1764360823.8483193,31601,1.2903,32.89,-4.359329264141947,4.2334693877551,60
1764360823.9505537,31701,1.2903,32.85,-4.359329264141947,4.193469387755101,54
1764360824.0526922,31801,1.2952,32.76,-3.9961274609909787,4.103469387755098,48
1764360824.1548178,31901,1.2903,33.21,-4.359329264141947,4.553469387755101,42
1764360824.2567954,32001,1.2903,33.05,-4.359329264141947,4.393469387755097,40
1764360824.3603394,32101,1.2952,32.8,-3.9961274609909787,4.143469387755097,40
1764360824.4627223,32201,1.2854,33.01,-4.722531067292916,4.353469387755098,41
1764360824.565013,32301,1.2903,33.3,-4.359329264141947,4.643469387755097,42
1764360824.6672113,32401,1.2903,32.44,-4.359329264141947,3.7834693877550976,43
1764360824.7694771,32501,1.2903,32.64,-4.359329264141947,3.9834693877551004,44
1764360824.8722124,32601,1.2903,32.2,-4.359329264141947,3.5434693877551027,45
1764360824.975824,32701,1.2903,33.09,-4.359329264141947,4.433469387755103,45
1764360825.0786374,32801,1.2903,33.26,-4.359329264141947,4.603469387755098,45
1764360825.180348,32901,1.2903,32.8,-4.359329264141947,4.143469387755097,45
1764360825.2826908,33001,1.2903,32.64,-4.359329264141947,3.9834693877551004,45
1764360825.385442,33101,1.2854,32.97,-4.722531067292916,4.313469387755099,45
1764360825.4886284,33201,1.2805,33.59,-5.085732870443902,4.933469387755103,45
1764360825.5924351,33301,1.2854,32.8,-4.722531067292916,4.143469387755097,45
1764360825.6944358,33401,1.2854,32.4,-4.722531067292916,3.7434693877550984,45
1764360825.7964911,33501,1.2854,32.85,-4.722531067292916,4.193469387755101,45
1764360825.898689,33601,1.2854,32.93,-4.722531067292916,4.2734693877550995,45
1764360826.001248,33701,1.2805,33.46,-5.085732870443902,4.803469387755101,45
1764360826.1036022,33801,1.2854,32.97,-4.722531067292916,4.313469387755099,45
1764360826.2058327,33901,1.2854,32.72,-4.722531067292916,4.063469387755099,45
1764360826.3094049,34001,1.2903,32.76,-4.359329264141947,4.103469387755098,45
1764360826.4112768,34101,1.2854,32.89,-4.722531067292916,4.2334693877551,45
1764360826.5134568,34201,1.2805,33.5,-5.085732870443902,4.8434693877551,45
1764360826.6156545,34301,1.2854,32.97,-4.722531067292916,4.313469387755099,45
1764360826.7182007,34401,1.2854,33.54,-4.722531067292916,4.883469387755099,45
1764360826.82033,34501,1.2854,32.85,-4.722531067292916,4.193469387755101,45
1764360826.923092,34601,1.2903,32.72,-4.359329264141947,4.063469387755099,45
1764360827.025305,34701,1.2903,32.85,-4.359329264141947,4.193469387755101,45
1764360827.1278498,34801,1.2903,32.2,-4.359329264141947,3.5434693877551027,45
1764360827.229831,34901,1.2903,33.5,-4.359329264141947,4.8434693877551,45
1764360827.3314507,35001,1.2903,32.72,-4.359329264141947,4.063469387755099,45
1764360827.4337304,35101,1.2903,32.68,-4.359329264141947,4.0234693877550995,45
1764360827.535957,35201,1.3001,32.56,-3.632925657839993,3.903469387755102,45
1764360827.6383336,35301,1.2903,32.89,-4.359329264141947,4.2334693877551,45
1764360827.7414827,35401,1.2903,33.09,-4.359329264141947,4.433469387755103,45
1764360827.843737,35501,1.2903,33.09,-4.359329264141947,4.433469387755103,45
1764360827.9457011,35601,1.2903,32.89,-4.359329264141947,4.2334693877551,45
1764360828.0480502,35701,1.2903,32.8,-4.359329264141947,4.143469387755097,45
1764360828.1500425,35801,1.2903,33.46,-4.359329264141947,4.803469387755101,45
1764360828.2525103,35901,1.2903,32.89,-4.359329264141947,4.2334693877551,45
1764360828.3549125,36001,1.2952,32.64,-3.9961274609909787,3.9834693877551004,45
1764360828.4576645,36101,1.2903,32.76,-4.359329264141947,4.103469387755098,45
1764360828.5602076,36201,1.2903,33.3,-4.359329264141947,4.643469387755097,45
1764360828.66214,36301,1.2903,33.17,-4.359329264141947,4.5134693877551015,45
1764360828.764671,36401,1.2903,33.5,-4.359329264141947,4.8434693877551,45
1764360828.8670952,36501,1.2952,32.6,-3.9961274609909787,3.9434693877551013,45
1764360828.9695861,36601,1.2903,32.36,-4.359329264141947,3.7034693877550993,45
1764360829.0715935,36701,1.2903,32.72,-4.359329264141947,4.063469387755099,45
1764360829.1741421,36801,1.2903,32.64,-4.359329264141947,3.9834693877551004,45
1764360829.2768774,36901,1.2903,33.21,-4.359329264141947,4.553469387755101,45
1764360829.3791082,37001,1.2903,32.8,-4.359329264141947,4.143469387755097,45
1764360829.4813325,37101,1.2903,32.48,-4.359329264141947,3.8234693877550967,45
1764360829.5841336,37201,1.2903,33.46,-4.359329264141947,4.803469387755101,45
1764360829.6860945,37301,1.2903,32.93,-4.359329264141947,4.2734693877550995,45
1764360829.790159,37401,1.2903,33.17,-4.359329264141947,4.5134693877551015,45
1764360829.892561,37501,1.2903,33.13,-4.359329264141947,4.473469387755102,45
1764360829.9942715,37601,1.2952,32.48,-3.9961274609909787,3.8234693877550967,45
1764360830.096147,37701,1.2952,32.6,-3.9961274609909787,3.9434693877551013,45
1764360830.1983967,37801,1.2903,33.42,-4.359329264141947,4.7634693877551015,45
1764360830.3000257,37901,1.2903,32.4,-4.359329264141947,3.7434693877550984,45
1764360830.4017975,38001,1.2854,32.97,-4.722531067292916,4.313469387755099,45
1764360830.504658,38101,1.2903,32.8,-4.359329264141947,4.143469387755097,45
1764360830.6069126,38201,1.2854,32.85,-4.722531067292916,4.193469387755101,45
1764360830.7093487,38301,1.2854,32.93,-4.722531067292916,4.2734693877550995,45
1764360830.8114614,38401,1.2854,32.76,-4.722531067292916,4.103469387755098,45
1764360830.9141045,38501,1.2854,32.89,-4.722531067292916,4.2334693877551,45
1764360831.0164337,38601,1.2903,32.12,-4.359329264141947,3.4634693877550973,45
1764360831.1183698,38701,1.2903,32.64,-4.359329264141947,3.9834693877551004,45
1764360831.2208848,38801,1.2903,33.3,-4.359329264141947,4.643469387755097,45
1764360831.3231883,38901,1.2903,32.4,-4.359329264141947,3.7434693877550984,45
1764360831.425635,39001,1.2854,33.05,-4.722531067292916,4.393469387755097,45
1764360831.5276313,39101,1.2903,32.2,-4.359329264141947,3.5434693877551027,45
1764360831.6296506,39201,1.2903,32.76,-4.359329264141947,4.103469387755098,45
1764360831.7319741,39301,1.2903,33.67,-4.359329264141947,5.0134693877551015,45
1764360831.834746,39401,1.2903,32.89,-4.359329264141947,4.2334693877551,45
1764360831.9379597,39501,1.2903,33.01,-4.359329264141947,4.353469387755098,45
1764360832.040179,39601,1.2903,33.63,-4.359329264141947,4.973469387755102,45
1764360832.142345,39701,1.2903,32.72,-4.359329264141947,4.063469387755099,45
1764360832.2444863,39801,1.2903,33.01,-4.359329264141947,4.353469387755098,45
1764360832.3477893,39901,1.2903,32.72,-4.359329264141947,4.063469387755099,45
1764360832.4499183,40001,1.2903,33.05,-4.359329264141947,4.393469387755097,45
1764360832.5519593,40101,1.2903,32.97,-4.359329264141947,4.313469387755099,45
1764360832.6549442,40201,1.2903,33.21,-4.359329264141947,4.553469387755101,45
1764360832.7573214,40301,1.2854,33.05,-4.722531067292916,4.393469387755097,45
1764360832.859379,40401,1.2903,32.85,-4.359329264141947,4.193469387755101,45
1764360832.961677,40501,1.2952,33.46,-3.9961274609909787,4.803469387755101,45
1764360833.064133,40601,1.2952,32.24,-3.9961274609909787,3.583469387755102,45
1764360833.1664028,40701,1.2903,33.71,-4.359329264141947,5.053469387755101,45
1764360833.2697198,40801,1.2854,32.93,-4.722531067292916,4.2734693877550995,45
1764360833.373379,40901,1.2903,33.71,-4.359329264141947,5.053469387755101,45
1764360833.4751277,41001,1.2952,32.85,-3.9961274609909787,4.193469387755101,45
1764360833.576941,41101,1.2952,32.97,-3.9961274609909787,4.313469387755099,45
1764360833.6790998,41201,1.2903,32.89,-4.359329264141947,4.2334693877551,45
1764360833.7814434,41301,1.2952,32.56,-3.9961274609909787,3.903469387755102,45
1764360833.8838522,41401,1.2952,32.6,-3.9961274609909787,3.9434693877551013,45
1764360833.9874885,41501,1.2903,33.42,-4.359329264141947,4.7634693877551015,45
1764360834.0899544,41601,1.2903,32.8,-4.359329264141947,4.143469387755097,45
1764360834.1923811,41701,1.2903,33.63,-4.359329264141947,4.973469387755102,45
1764360834.2943718,41801,1.2903,32.68,-4.359329264141947,4.0234693877550995,45
1764360834.3966932,41901,1.2903,32.28,-4.359329264141947,3.623469387755101,45
1764360834.4992383,42001,1.2952,33.01,-3.9961274609909787,4.353469387755098,45
1764360834.601873,42101,1.2903,32.85,-4.359329264141947,4.193469387755101,45
1764360834.7048943,42201,1.2952,32.72,-3.9961274609909787,4.063469387755099,45
1764360834.8077137,42301,1.2903,33.21,-4.359329264141947,4.553469387755101,45
1764360834.9096115,42401,1.2903,32.89,-4.359329264141947,4.2334693877551,45
1764360835.0120392,42501,1.2952,32.2,-3.9961274609909787,3.5434693877551027,45
1764360835.1147053,42601,1.2952,31.92,-3.9961274609909787,3.2634693877551015,45
1764360835.3205326,132601,1.2757,29.03,-5.441522391897913,0.37346938775510097,45
1764360835.5233026,132301,1.2805,29.1,-5.085732870443902,0.44346938775510125,45
1764360835.625001,132401,1.2757,28.77,-5.441522391897913,0.1134693877550994,45
1764360835.7270012,132501,1.2757,28.92,-5.441522391897913,0.26346938775510154,45
1764360835.8290381,132601,1.2757,29.03,-5.441522391897913,0.37346938775510097,45
1764360835.9310825,132701,1.2708,30.5,-5.804724195048898,1.8434693877550998,45
1764360836.033434,132801,1.2757,29.8,-5.441522391897913,1.1434693877551005,45
1764360836.136726,132901,1.2708,28.66,-5.804724195048898,0.003469387755099973,45
1764360836.2395442,133001,1.2757,29.47,-5.441522391897913,0.8134693877550987,45
1764360836.341413,133101,1.2757,29.28,-5.441522391897913,0.623469387755101,45
1764360836.443439,133201,1.2757,29.1,-5.441522391897913,0.44346938775510125,45
1764360836.5458493,133301,1.2757,30.18,-5.441522391897913,1.5234693877550995,45
1764360836.6480358,133401,1.2757,28.84,-5.441522391897913,0.1834693877550997,45
1764360836.7503452,133501,1.2757,29.06,-5.441522391897913,0.40346938775509855,45
1764360836.8531616,133601,1.2757,29.1,-5.441522391897913,0.44346938775510125,45
1764360836.9555125,133701,1.2708,28.92,-5.804724195048898,0.26346938775510154,45
1764360837.0574715,133801,1.2757,29.36,-5.441522391897913,0.7034693877550993,45
1764360837.159886,133901,1.2757,28.84,-5.441522391897913,0.1834693877550997,45
1764360837.2620134,134001,1.2757,28.48,-5.441522391897913,-0.17653061224489974,45
1764360837.364103,134101,1.2757,28.99,-5.441522391897913,0.33346938775509827,45
1764360837.4670281,134201,1.2757,28.84,-5.441522391897913,0.1834693877550997,45
1764360837.5707223,134301,1.2757,28.81,-5.441522391897913,0.15346938775509855,45
1764360837.672865,134401,1.2757,29.21,-5.441522391897913,0.5534693877551007,45
1764360837.7749646,134501,1.2757,28.66,-5.441522391897913,0.003469387755099973,45
1764360837.8769853,134601,1.2757,29.03,-5.441522391897913,0.37346938775510097,44
1764360837.979318,134701,1.2757,28.84,-5.441522391897913,0.1834693877550997,47
1764360838.0827491,134801,1.2757,28.77,-5.441522391897913,0.1134693877550994,50
1764360838.1857421,134901,1.2757,28.95,-5.441522391897913,0.2934693877550991,53
1764360838.2889204,135001,1.2757,28.7,-5.441522391897913,0.04346938775509912,56
1764360838.3911788,135101,1.2805,29.06,-5.085732870443902,0.40346938775509855,60
1764360838.4934149,135201,1.2805,29.1,-5.085732870443902,0.44346938775510125,60
1764360838.5961232,135301,1.2757,29.1,-5.441522391897913,0.44346938775510125,60
1764360838.6988509,135401,1.2805,29.1,-5.085732870443902,0.44346938775510125,60
1764360838.8019285,135501,1.2854,29.03,-4.722531067292916,0.37346938775510097,60
1764360838.9046574,135601,1.2805,29.06,-5.085732870443902,0.40346938775509855,60
1764360839.0071156,135701,1.2659,28.37,-6.167925998199868,-0.2865306122448992,60
1764360839.1097746,135801,1.2757,28.77,-5.441522391897913,0.1134693877550994,60
1764360839.2120912,135901,1.2757,29.14,-5.441522391897913,0.4834693877551004,60
1764360839.3149688,136001,1.2757,28.84,-5.441522391897913,0.1834693877550997,60
1764360839.4179504,136101,1.2708,28.19,-5.804724195048898,-0.4665306122448989,60
1764360839.5207057,136201,1.2757,28.55,-5.441522391897913,-0.10653061224489946,60
1764360839.6229298,136301,1.2757,28.55,-5.441522391897913,-0.10653061224489946,61
1764360839.7261527,136401,1.2757,28.84,-5.441522391897913,0.1834693877550997,61
1764360839.8284433,136501,1.2757,27.82,-5.441522391897913,-0.8365306122448999,61
1764360839.9308531,136601,1.2805,28.11,-5.085732870443902,-0.5465306122449007,61
1764360840.0357366,136701,1.2805,28.55,-5.085732870443902,-0.10653061224489946,61
1764360840.13853,136801,1.2805,28.92,-5.085732870443902,0.26346938775510154,61
1764360840.2406678,136901,1.2757,28.88,-5.441522391897913,0.22346938775509884,61
1764360840.342863,137001,1.2757,28.92,-5.441522391897913,0.26346938775510154,62
1764360840.4451942,137101,1.2757,28.99,-5.441522391897913,0.33346938775509827,64
1764360840.5508342,137201,1.2708,28.33,-5.804724195048898,-0.3265306122449019,65
1764360840.653295,137301,1.2757,27.79,-5.441522391897913,-0.866530612244901,66
1764360840.75575,137401,1.2757,28.84,-5.441522391897913,0.1834693877550997,68
1764360840.8580265,137501,1.2757,28.26,-5.441522391897913,-0.3965306122448986,67
1764360840.9610896,137601,1.2757,28.37,-5.441522391897913,-0.2865306122448992,66
1764360841.0633256,137701,1.2805,29.06,-5.085732870443902,0.40346938775509855,65
1764360841.1667519,137801,1.2757,28.44,-5.441522391897913,-0.2165306122448989,64
1764360841.274068,137901,1.2805,29.03,-5.085732870443902,0.37346938775510097,63
1764360841.3767385,138001,1.2805,29.06,-5.085732870443902,0.40346938775509855,62
1764360841.4792604,138101,1.2757,29.1,-5.441522391897913,0.44346938775510125,62
1764360841.58161,138201,1.2757,28.7,-5.441522391897913,0.04346938775509912,62
1764360841.684295,138301,1.2708,28.55,-5.804724195048898,-0.10653061224489946,62
1764360841.7868762,138401,1.2757,28.62,-5.441522391897913,-0.036530612244899174,62
1764360841.8889618,138501,1.2757,28.84,-5.441522391897913,0.1834693877550997,61
1764360841.9906983,138601,1.2757,28.81,-5.441522391897913,0.15346938775509855,61
1764360842.092793,138701,1.2757,28.37,-5.441522391897913,-0.2865306122448992,61
1764360842.1949482,138801,1.2757,28.26,-5.441522391897913,-0.3965306122448986,61
1764360842.2972643,138901,1.2757,28.7,-5.441522391897913,0.04346938775509912,61
1764360842.4011188,139001,1.2805,28.48,-5.085732870443902,-0.17653061224489974,61
1764360842.5030694,139101,1.2757,29.03,-5.441522391897913,0.37346938775510097,61
1764360842.6047728,139201,1.2708,28.04,-5.804724195048898,-0.616530612244901,61
1764360842.706336,139301,1.2757,28.77,-5.441522391897913,0.1134693877550994,61
1764360842.8082867,139401,1.2757,28.81,-5.441522391897913,0.15346938775509855,61
1764360842.9101267,139501,1.2757,28.77,-5.441522391897913,0.1134693877550994,61
1764360843.012656,139601,1.2757,29.1,-5.441522391897913,0.44346938775510125,61
1764360843.1153145,139701,1.2757,28.33,-5.441522391897913,-0.3265306122449019,61
1764360843.2175624,139801,1.2805,29.06,-5.085732870443902,0.40346938775509855,61
1764360843.3201184,139901,1.2805,28.99,-5.085732870443902,0.33346938775509827,61
1764360843.4219117,140001,1.2659,28.37,-6.167925998199868,-0.2865306122448992,61
1764360843.5238967,140101,1.2708,28.19,-5.804724195048898,-0.4665306122448989,61
1764360843.6266825,140201,1.2757,28.73,-5.441522391897913,0.07346938775510026,61
1764360843.728405,140301,1.2757,28.48,-5.441522391897913,-0.17653061224489974,61
1764360843.8310134,140401,1.2659,28.33,-6.167925998199868,-0.3265306122449019,61
1764360843.9335556,140501,1.2708,28.51,-5.804724195048898,-0.1465306122448986,61
1764360844.035682,140601,1.2708,27.97,-5.804724195048898,-0.6865306122449013,61
1764360844.138165,140701,1.2757,28.62,-5.441522391897913,-0.036530612244899174,61
1764360844.2400312,140801,1.2708,28.55,-5.804724195048898,-0.10653061224489946,61
1764360844.3423927,140901,1.2757,29.1,-5.441522391897913,0.44346938775510125,61
1764360844.444626,141001,1.2757,28.99,-5.441522391897913,0.33346938775509827,61
1764360844.5474136,141101,1.2757,28.81,-5.441522391897913,0.15346938775509855,61
1764360844.650057,141201,1.2708,28.88,-5.804724195048898,0.22346938775509884,61
1764360844.7521727,141301,1.2708,28.44,-5.804724195048898,-0.2165306122448989,61
1764360844.8544178,141401,1.2708,28.55,-5.804724195048898,-0.10653061224489946,58
1764360844.9574203,141501,1.2757,28.95,-5.441522391897913,0.2934693877550991,54
1764360845.0594807,141601,1.2805,29.03,-5.085732870443902,0.37346938775510097,54
1764360845.1619403,141701,1.2708,27.97,-5.804724195048898,-0.6865306122449013,54
1764360845.2648506,141801,1.2757,28.48,-5.441522391897913,-0.17653061224489974,54
1764360845.3672473,141901,1.2659,28.44,-6.167925998199868,-0.2165306122448989,54
1764360845.4690073,142001,1.2757,28.88,-5.441522391897913,0.22346938775509884,54
1764360845.5710087,142101,1.2757,29.03,-5.441522391897913,0.37346938775510097,54
1764360845.6734524,142201,1.2757,29.1,-5.441522391897913,0.44346938775510125,52
1764360845.776219,142301,1.2757,28.62,-5.441522391897913,-0.036530612244899174,49
1764360845.8787746,142401,1.2757,29.1,-5.441522391897913,0.44346938775510125,47
1764360845.9814968,142501,1.2757,28.66,-5.441522391897913,0.003469387755099973,48
1764360846.0837762,142601,1.2757,28.48,-5.441522391897913,-0.17653061224489974,49
1764360846.1854503,142701,1.2757,28.7,-5.441522391897913,0.04346938775509912,49
1764360846.287681,142801,1.2757,28.26,-5.441522391897913,-0.3965306122448986,49
1764360846.3899846,142901,1.2757,28.26,-5.441522391897913,-0.3965306122448986,49
1764360846.492503,143001,1.2805,29.1,-5.085732870443902,0.44346938775510125,49
1764360846.5989616,143101,1.2805,29.06,-5.085732870443902,0.40346938775509855,49
1764360846.7012367,143201,1.2757,28.88,-5.441522391897913,0.22346938775509884,48
1764360846.8036792,143301,1.2757,29.1,-5.441522391897913,0.44346938775510125,48
1764360846.9061637,143401,1.2757,28.55,-5.441522391897913,-0.10653061224489946,48
1764360847.0089185,143501,1.2854,29.03,-4.722531067292916,0.37346938775510097,48
1764360847.1116626,143601,1.2757,28.44,-5.441522391897913,-0.2165306122448989,47
1764360847.214839,143701,1.2757,28.7,-5.441522391897913,0.04346938775509912,46
1764360847.3167706,143801,1.2757,28.59,-5.441522391897913,-0.06653061224490031,46
1764360847.4191124,143901,1.2805,28.99,-5.085732870443902,0.33346938775509827,45
1764360847.5215075,144001,1.2757,28.4,-5.441522391897913,-0.2565306122449016,45
1764360847.6240351,144101,1.2854,29.03,-4.722531067292916,0.37346938775510097,45
1764360847.7261956,144201,1.2805,27.97,-5.085732870443902,-0.6865306122449013,45
1764360847.8293056,144301,1.2805,29.14,-5.085732870443902,0.4834693877551004,46
1764360847.93179,144401,1.2805,28.19,-5.085732870443902,-0.4665306122448989,47
1764360848.0336604,144501,1.2805,28.44,-5.085732870443902,-0.2165306122448989,48
1764360848.1359017,144601,1.2805,28.04,-5.085732870443902,-0.616530612244901,48
1764360848.238292,144701,1.2757,28.37,-5.441522391897913,-0.2865306122448992,48
1764360848.3403022,144801,1.2757,28.4,-5.441522391897913,-0.2565306122449016,48
1764360848.4429462,144901,1.2757,28.84,-5.441522391897913,0.1834693877550997,48
1764360848.5527318,145001,1.2854,29.06,-4.722531067292916,0.40346938775509855,48
1764360848.6546757,145101,1.2805,28.19,-5.085732870443902,-0.4665306122448989,49
1764360848.7570984,145201,1.2805,28.77,-5.085732870443902,0.1134693877550994,49
1764360848.8599205,145301,1.2805,28.95,-5.085732870443902,0.2934693877550991,49
1764360848.9629028,145401,1.2805,28.37,-5.085732870443902,-0.2865306122448992,50
1764360849.0651128,145501,1.2805,28.33,-5.085732870443902,-0.3265306122449019,50
1764360849.1685212,145601,1.2805,29.03,-5.085732870443902,0.37346938775510097,50
1764360849.2708173,145701,1.2757,28.26,-5.441522391897913,-0.3965306122448986,50
1764360849.3731272,145801,1.2805,28.92,-5.085732870443902,0.26346938775510154,50
1764360849.4756942,145901,1.2757,28.44,-5.441522391897913,-0.2165306122448989,51
1764360849.5781875,146001,1.2757,29.03,-5.441522391897913,0.37346938775510097,51
1764360849.6803703,146101,1.2708,28.59,-5.804724195048898,-0.06653061224490031,51
1764360849.7825427,146201,1.2708,28.62,-5.804724195048898,-0.036530612244899174,52
1764360849.8849332,146301,1.2708,28.62,-5.804724195048898,-0.036530612244899174,52
1764360849.9871314,146401,1.2757,28.92,-5.441522391897913,0.26346938775510154,52
1764360850.0899508,146501,1.2757,28.84,-5.441522391897913,0.1834693877550997,52
1764360850.1921735,146601,1.2757,28.88,-5.441522391897913,0.22346938775509884,52
1764360850.2945118,146701,1.2757,28.66,-5.441522391897913,0.003469387755099973,52
1764360850.3969254,146801,1.2805,29.03,-5.085732870443902,0.37346938775510097,53
1764360850.4994292,146901,1.2805,28.88,-5.085732870443902,0.22346938775509884,53
1764360850.6017706,147001,1.2952,29.1,-3.9961274609909787,0.44346938775510125,53
1764360850.7043214,147101,1.305,28.4,-3.269723854689024,-0.2565306122449016,53
1764360850.8063757,147201,1.305,28.55,-3.269723854689024,-0.10653061224489946,53
1764360850.909038,147301,1.305,28.84,-3.269723854689024,0.1834693877550997,58
1764360851.0121868,147401,1.3001,28.66,-3.632925657839993,0.003469387755099973,57
1764360851.1148682,147501,1.305,28.99,-3.269723854689024,0.33346938775509827,56
1764360851.2167227,147601,1.2952,28.92,-3.9961274609909787,0.26346938775510154,55
1764360851.318772,147701,1.2952,28.44,-3.9961274609909787,-0.2165306122448989,53
1764360851.4207025,147801,1.3001,29.06,-3.632925657839993,0.40346938775509855,46
1764360851.523333,147901,1.2903,27.86,-4.359329264141947,-0.7965306122449007,45
1764360851.6270626,148001,1.2903,29.14,-4.359329264141947,0.4834693877551004,45
1764360851.7300441,148101,1.2805,28.29,-5.085732870443902,-0.366530612244901,45
1764360851.8323822,148201,1.2854,28.4,-4.722531067292916,-0.2565306122449016,45
1764360851.9345515,148301,1.2854,27.82,-4.722531067292916,-0.8365306122448999,45
1764360852.037503,148401,1.2805,28.55,-5.085732870443902,-0.10653061224489946,46
1764360852.1401517,148501,1.2805,28.04,-5.085732870443902,-0.616530612244901,47
1764360852.2426107,148601,1.2805,29.1,-5.085732870443902,0.44346938775510125,48
1764360852.3448606,148701,1.2805,28.88,-5.085732870443902,0.22346938775509884,49
1764360852.4472005,148801,1.2757,28.33,-5.441522391897913,-0.3265306122449019,51
1764360852.5493143,148901,1.2757,28.66,-5.441522391897913,0.003469387755099973,51
1764360852.6516852,149001,1.2757,28.62,-5.441522391897913,-0.036530612244899174,51
1764360852.754129,149101,1.2757,27.82,-5.441522391897913,-0.8365306122448999,51
1764360852.8559723,149201,1.2757,28.77,-5.441522391897913,0.1134693877550994,51
1764360852.9589274,149301,1.2757,28.92,-5.441522391897913,0.26346938775510154,51
1764360853.0615945,149401,1.2757,28.81,-5.441522391897913,0.15346938775509855,51
1764360853.1636448,149501,1.2757,29.14,-5.441522391897913,0.4834693877551004,51
1764360853.26583,149601,1.2659,27.32,-6.167925998199868,-1.3365306122448999,51
1764360853.3679204,149701,1.2805,29.06,-5.085732870443902,0.40346938775509855,51
1764360853.470324,149801,1.2757,28.92,-5.441522391897913,0.26346938775510154,51
1764360853.572356,149901,1.2757,28.81,-5.441522391897913,0.15346938775509855,51
1764360853.67468,150001,1.2708,27.97,-5.804724195048898,-0.6865306122449013,51
1764360853.7773442,150101,1.2708,28.15,-5.804724195048898,-0.5065306122449016,51
1764360853.8796532,150201,1.2757,27.68,-5.441522391897913,-0.9765306122449005,51
1764360853.982664,150301,1.2757,28.29,-5.441522391897913,-0.366530612244901,51
1764360854.085157,150401,1.2757,29.06,-5.441522391897913,0.40346938775509855,51
1764360854.1868672,150501,1.2757,28.81,-5.441522391897913,0.15346938775509855,51
1764360854.28891,150601,1.2757,29.03,-5.441522391897913,0.37346938775510097,51
1764360854.3917007,150701,1.2757,28.55,-5.441522391897913,-0.10653061224489946,51
1764360854.4947946,150801,1.2757,28.62,-5.441522391897913,-0.036530612244899174,51
1764360854.5971103,150901,1.2805,28.99,-5.085732870443902,0.33346938775509827,51
1764360854.6993005,151001,1.2757,28.55,-5.441522391897913,-0.10653061224489946,51
1764360854.8010902,151101,1.2854,29.03,-4.722531067292916,0.37346938775510097,51
1764360854.9030836,151201,1.2854,29.03,-4.722531067292916,0.37346938775510097,51
1764360855.0061119,151301,1.2757,28.77,-5.441522391897913,0.1134693877550994,51
1764360855.1092646,151401,1.2757,28.48,-5.441522391897913,-0.17653061224489974,51
1764360855.211918,151501,1.2757,28.62,-5.441522391897913,-0.036530612244899174,51
1764360855.3139892,151601,1.2757,28.48,-5.441522391897913,-0.17653061224489974,51
1764360855.415808,151701,1.2757,28.59,-5.441522391897913,-0.06653061224490031,51
1764360855.5175273,151801,1.2659,28.37,-6.167925998199868,-0.2865306122448992,51
1764360855.6193085,151901,1.2757,29.06,-5.441522391897913,0.40346938775509855,51
1764360855.7211666,152001,1.2757,28.7,-5.441522391897913,0.04346938775509912,51
1764360855.8245244,152101,1.2805,29.1,-5.085732870443902,0.44346938775510125,51
1764360855.9269948,152201,1.2757,28.51,-5.441522391897913,-0.1465306122448986,51
1764360856.029652,152301,1.2805,27.54,-5.085732870443902,-1.116530612244901,51
1764360856.131769,152401,1.2805,28.59,-5.085732870443902,-0.06653061224490031,51
1764360856.2347338,152501,1.2805,28.08,-5.085732870443902,-0.5765306122449019,51
1764360856.337348,152601,1.2805,27.82,-5.085732870443902,-0.8365306122448999,51
1764360856.4403422,152701,1.2805,28.95,-5.085732870443902,0.2934693877550991,51
1764360856.542829,152801,1.2805,28.59,-5.085732870443902,-0.06653061224490031,51
1764360856.6450055,152901,1.2805,28.62,-5.085732870443902,-0.036530612244899174,51
1764360856.747048,153001,1.2757,28.77,-5.441522391897913,0.1134693877550994,51
1764360856.8492749,153101,1.2805,29.1,-5.085732870443902,0.44346938775510125,51
1764360856.9518003,153201,1.2805,28.77,-5.085732870443902,0.1134693877550994,51
1764360857.05485,153301,1.2757,28.48,-5.441522391897913,-0.17653061224489974,51
1764360857.1592166,153401,1.2757,27.64,-5.441522391897913,-1.0165306122448996,51
1764360857.263627,153501,1.2757,28.19,-5.441522391897913,-0.4665306122448989,51
1764360857.3665419,153601,1.2757,28.44,-5.441522391897913,-0.2165306122448989,51
1764360857.468678,153701,1.2757,29.17,-5.441522391897913,0.5134693877551015,51
1764360857.5715504,153801,1.2757,28.62,-5.441522391897913,-0.036530612244899174,51
1764360857.6744597,153901,1.2805,29.1,-5.085732870443902,0.44346938775510125,51
1764360857.7770371,154001,1.2805,27.9,-5.085732870443902,-0.7565306122449016,51
1764360857.8789582,154101,1.2805,27.54,-5.085732870443902,-1.116530612244901,51
1764360857.9807456,154201,1.2805,29.03,-5.085732870443902,0.37346938775510097,51
1764360858.0826254,154301,1.2805,28.95,-5.085732870443902,0.2934693877550991,51
1764360858.185031,154401,1.2805,28.55,-5.085732870443902,-0.10653061224489946,51
1764360858.292722,154501,1.2805,27.82,-5.085732870443902,-0.8365306122448999,51
1764360858.3949947,154601,1.2903,28.95,-4.359329264141947,0.2934693877550991,51
1764360858.4967275,154701,1.2854,28.62,-4.722531067292916,-0.036530612244899174,51
1764360858.5993629,154801,1.2805,28.7,-5.085732870443902,0.04346938775509912,51
1764360858.701765,154901,1.2805,28.44,-5.085732870443902,-0.2165306122448989,51
1764360858.805756,155001,1.2805,28.66,-5.085732870443902,0.003469387755099973,51
1764360858.9084594,155101,1.2805,28.48,-5.085732870443902,-0.17653061224489974,51
1764360859.0105457,155201,1.2805,28.48,-5.085732870443902,-0.17653061224489974,51
1764360859.112759,155301,1.2805,28.15,-5.085732870443902,-0.5065306122449016,51
1764360859.2147317,155401,1.2805,28.59,-5.085732870443902,-0.06653061224490031,51
1764360859.3171175,155501,1.2805,28.95,-5.085732870443902,0.2934693877550991,51
1764360859.4202704,155601,1.2805,28.7,-5.085732870443902,0.04346938775509912,51
1764360859.5236516,155701,1.2805,27.68,-5.085732870443902,-0.9765306122449005,51
1764360859.6261709,155801,1.2805,28.48,-5.085732870443902,-0.17653061224489974,51
1764360859.727939,155901,1.2805,28.26,-5.085732870443902,-0.3965306122448986,51
1764360859.8309476,156001,1.2805,28.04,-5.085732870443902,-0.616530612244901,51
1764360859.933206,156101,1.2805,28.55,-5.085732870443902,-0.10653061224489946,51
1764360860.0366197,156201,1.2757,28.22,-5.441522391897913,-0.4365306122449013,51
1764360860.1396303,156301,1.2805,28.66,-5.085732870443902,0.003469387755099973,51
1764360860.24226,156401,1.2854,28.44,-4.722531067292916,-0.2165306122448989,51
1764360860.3438795,156501,1.2854,28.81,-4.722531067292916,0.15346938775509855,51
1764360860.4457254,156601,1.2854,28.95,-4.722531067292916,0.2934693877550991,51
1764360860.5476205,156701,1.2854,28.55,-4.722531067292916,-0.10653061224489946,51
1764360860.6495633,156801,1.2854,28.59,-4.722531067292916,-0.06653061224490031,51
1764360860.7520077,156901,1.2805,28.04,-5.085732870443902,-0.616530612244901,51
1764360860.8553512,157001,1.2854,29.06,-4.722531067292916,0.40346938775509855,51
1764360860.9583254,157101,1.2805,28.51,-5.085732870443902,-0.1465306122448986,51
1764360861.060779,157201,1.2805,28.66,-5.085732870443902,0.003469387755099973,51
1764360861.162527,157301,1.2757,28.26,-5.441522391897913,-0.3965306122448986,51
1764360861.2645972,157401,1.2854,28.84,-4.722531067292916,0.1834693877550997,51
1764360861.366769,157501,1.2854,28.66,-4.722531067292916,0.003469387755099973,51
1764360861.4694285,157601,1.2854,28.92,-4.722531067292916,0.26346938775510154,51
1764360861.571417,157701,1.2854,29.03,-4.722531067292916,0.37346938775510097,51
1764360861.6739619,157801,1.2805,28.73,-5.085732870443902,0.07346938775510026,51
1764360861.7764344,157901,1.2854,29.1,-4.722531067292916,0.44346938775510125,51
1764360861.878601,158001,1.2805,28.4,-5.085732870443902,-0.2565306122449016,51
1764360861.9812193,158101,1.2805,28.92,-5.085732870443902,0.26346938775510154,51
1764360862.0843325,158201,1.2854,29.06,-4.722531067292916,0.40346938775509855,51
1764360862.1873527,158301,1.2805,28.88,-5.085732870443902,0.22346938775509884,51
1764360862.2898345,158401,1.2805,28.88,-5.085732870443902,0.22346938775509884,51
1764360862.3917854,158501,1.2805,28.88,-5.085732870443902,0.22346938775509884,51
1764360862.4946852,158601,1.2805,27.82,-5.085732870443902,-0.8365306122448999,51
1764360862.5985265,158701,1.2903,29.1,-4.359329264141947,0.44346938775510125,51
1764360862.7009454,158801,1.2805,28.88,-5.085732870443902,0.22346938775509884,51
1764360862.80317,158901,1.2805,28.84,-5.085732870443902,0.1834693877550997,51
1764360862.9057932,159001,1.2805,28.62,-5.085732870443902,-0.036530612244899174,51
1764360863.0080414,159101,1.2805,28.66,-5.085732870443902,0.003469387755099973,51
1764360863.1096754,159201,1.2805,28.51,-5.085732870443902,-0.1465306122448986,51
1764360863.2117882,159301,1.2854,29.1,-4.722531067292916,0.44346938775510125,51
1764360863.31391,159401,1.2805,28.62,-5.085732870443902,-0.036530612244899174,51
1764360863.4160113,159501,1.2805,28.0,-5.085732870443902,-0.6565306122449002,51
1764360863.5187442,159601,1.2854,28.95,-4.722531067292916,0.2934693877550991,51
1764360863.621061,159701,1.2805,28.81,-5.085732870443902,0.15346938775509855,51
1764360863.7232091,159801,1.2903,29.03,-4.359329264141947,0.37346938775510097,51
1764360863.8256645,159901,1.2805,28.37,-5.085732870443902,-0.2865306122448992,51
1764360863.9276278,160001,1.2854,29.1,-4.722531067292916,0.44346938775510125,51
1764360864.0299346,160101,1.2854,28.88,-4.722531067292916,0.22346938775509884,51
1764360864.1325085,160201,1.2805,28.81,-5.085732870443902,0.15346938775509855,51
1764360864.2375216,160301,1.2903,29.06,-4.359329264141947,0.40346938775509855,51
1764360864.3394022,160401,1.2805,28.15,-5.085732870443902,-0.5065306122449016,51
1764360864.441261,160501,1.2805,28.92,-5.085732870443902,0.26346938775510154,51
1764360864.5433288,160601,1.2805,27.82,-5.085732870443902,-0.8365306122448999,51
1764360864.6454172,160701,1.2854,28.95,-4.722531067292916,0.2934693877550991,51
1764360864.7479684,160801,1.2854,28.84,-4.722531067292916,0.1834693877550997,51
1764360864.850307,160901,1.2854,28.95,-4.722531067292916,0.2934693877550991,51
1764360864.9537954,161001,1.2805,28.04,-5.085732870443902,-0.616530612244901,51
1764360865.0559778,161101,1.2854,28.95,-4.722531067292916,0.2934693877550991,51
1764360865.1577,161201,1.2854,28.4,-4.722531067292916,-0.2565306122449016,52
1764360865.2598362,161301,1.2854,28.59,-4.722531067292916,-0.06653061224490031,52
1764360865.3621657,161401,1.2854,28.62,-4.722531067292916,-0.036530612244899174,52
1764360865.465148,161501,1.2805,28.77,-5.085732870443902,0.1134693877550994,51
1764360865.5689776,161601,1.2805,29.1,-5.085732870443902,0.44346938775510125,50
1764360865.6715763,161701,1.2805,28.77,-5.085732870443902,0.1134693877550994,50
1764360865.7739024,161801,1.2805,28.4,-5.085732870443902,-0.2565306122449016,49
1764360865.876033,161901,1.2854,29.14,-4.722531067292916,0.4834693877551004,48
1764360865.9787889,162001,1.2854,28.51,-4.722531067292916,-0.1465306122448986,48
1764360866.0812476,162101,1.2854,29.14,-4.722531067292916,0.4834693877551004,48
1764360866.1854458,162201,1.2903,29.03,-4.359329264141947,0.37346938775510097,48
1764360866.2876651,162301,1.2854,27.9,-4.722531067292916,-0.7565306122449016,48
1764360866.3897972,162401,1.2805,28.04,-5.085732870443902,-0.616530612244901,47
1764360866.4922605,162501,1.2854,29.14,-4.722531067292916,0.4834693877551004,47
1764360866.5945694,162601,1.2854,29.14,-4.722531067292916,0.4834693877551004,47
1764360866.6967702,162701,1.2854,28.66,-4.722531067292916,0.003469387755099973,47
1764360866.7994056,162801,1.2854,28.81,-4.722531067292916,0.15346938775509855,47
1764360866.902228,162901,1.2854,28.66,-4.722531067292916,0.003469387755099973,47
1764360867.0044842,163001,1.2854,28.22,-4.722531067292916,-0.4365306122449013,47
1764360867.1064322,163101,1.2854,28.59,-4.722531067292916,-0.06653061224490031,47
1764360867.2082386,163201,1.2854,28.4,-4.722531067292916,-0.2565306122449016,47
1764360867.3103511,163301,1.2757,28.22,-5.441522391897913,-0.4365306122449013,49
1764360867.4122946,163401,1.2854,28.88,-4.722531067292916,0.22346938775509884,51
1764360867.514416,163501,1.2854,28.55,-4.722531067292916,-0.10653061224489946,54
1764360867.618691,163601,1.2854,28.55,-4.722531067292916,-0.10653061224489946,56
1764360867.7208652,163701,1.2854,27.68,-4.722531067292916,-0.9765306122449005,58
1764360867.8235548,163801,1.2805,28.7,-5.085732870443902,0.04346938775509912,58
1764360867.9259224,163901,1.2903,28.88,-4.359329264141947,0.22346938775509884,59
1764360868.0284197,164001,1.2854,28.33,-4.722531067292916,-0.3265306122449019,59
1764360868.1304686,164101,1.2805,28.4,-5.085732870443902,-0.2565306122449016,59
1764360868.2354305,164201,1.2854,28.81,-4.722531067292916,0.15346938775509855,59
1764360868.337376,164301,1.2854,28.48,-4.722531067292916,-0.17653061224489974,58
1764360868.4393015,164401,1.2854,27.82,-4.722531067292916,-0.8365306122448999,58
1764360868.5413146,164501,1.2805,28.26,-5.085732870443902,-0.3965306122448986,58
1764360868.64367,164601,1.2854,28.48,-4.722531067292916,-0.17653061224489974,59
1764360868.7458694,164701,1.2854,28.66,-4.722531067292916,0.003469387755099973,59
1764360868.8482363,164801,1.2854,28.22,-4.722531067292916,-0.4365306122449013,60
1764360868.952053,164901,1.2854,28.77,-4.722531067292916,0.1134693877550994,60
1764360869.0543377,165001,1.2854,27.68,-4.722531067292916,-0.9765306122449005,60
1764360869.1562579,165101,1.2805,28.77,-5.085732870443902,0.1134693877550994,62
1764360869.2586522,165201,1.2805,29.14,-5.085732870443902,0.4834693877551004,64
1764360869.360906,165301,1.2854,28.48,-4.722531067292916,-0.17653061224489974,65
1764360869.4642088,165401,1.2805,29.06,-5.085732870443902,0.40346938775509855,65
1764360869.5674455,165501,1.2805,29.06,-5.085732870443902,0.40346938775509855,64
1764360869.670042,165601,1.2805,27.93,-5.085732870443902,-0.7265306122449005,62
1764360869.7717211,165701,1.2805,27.93,-5.085732870443902,-0.7265306122449005,60
1764360869.873934,165801,1.2805,28.7,-5.085732870443902,0.04346938775509912,57
1764360869.9763324,165901,1.2854,27.68,-4.722531067292916,-0.9765306122449005,57
1764360870.078378,166001,1.2854,29.14,-4.722531067292916,0.4834693877551004,57
1764360870.181029,166101,1.2805,28.04,-5.085732870443902,-0.616530612244901,58
1764360870.2834356,166201,1.2854,28.33,-4.722531067292916,-0.3265306122449019,58
1764360870.386244,166301,1.2805,28.04,-5.085732870443902,-0.616530612244901,59
1764360870.4879847,166401,1.2757,28.44,-5.441522391897913,-0.2165306122448989,60
1764360870.590013,166501,1.2805,28.92,-5.085732870443902,0.26346938775510154,60
1764360870.6942453,166601,1.2757,28.11,-5.441522391897913,-0.5465306122449007,60
1764360870.796852,166701,1.2854,29.03,-4.722531067292916,0.37346938775510097,60
1764360870.8993802,166801,1.2805,29.1,-5.085732870443902,0.44346938775510125,60
1764360871.001676,166901,1.2805,28.84,-5.085732870443902,0.1834693877550997,61
1764360871.103769,167001,1.2805,28.62,-5.085732870443902,-0.036530612244899174,61
1764360871.2060363,167101,1.2805,28.66,-5.085732870443902,0.003469387755099973,61
1764360871.3084567,167201,1.2805,27.68,-5.085732870443902,-0.9765306122449005,61
1764360871.4112256,167301,1.2854,28.95,-4.722531067292916,0.2934693877550991,62
1764360871.5149274,167401,1.2805,28.55,-5.085732870443902,-0.10653061224489946,64
1764360871.617358,167501,1.2854,28.73,-4.722531067292916,0.07346938775510026,66
1764360871.719487,167601,1.2805,28.55,-5.085732870443902,-0.10653061224489946,67
1764360871.821855,167701,1.2805,28.66,-5.085732870443902,0.003469387755099973,69
1764360871.9241426,167801,1.2854,28.92,-4.722531067292916,0.26346938775510154,69
1764360872.0262406,167901,1.2854,29.1,-4.722531067292916,0.44346938775510125,69
1764360872.1285572,168001,1.2805,28.26,-5.085732870443902,-0.3965306122448986,68
1764360872.2312617,168101,1.2854,28.95,-4.722531067292916,0.2934693877550991,67
1764360872.334249,168201,1.2854,27.97,-4.722531067292916,-0.6865306122449013,66
1764360872.436559,168301,1.2854,28.55,-4.722531067292916,-0.10653061224489946,64
1764360872.5382533,168401,1.2854,28.66,-4.722531067292916,0.003469387755099973,63
1764360872.6403348,168501,1.2805,28.4,-5.085732870443902,-0.2565306122449016,62
1764360872.7426984,168601,1.2903,28.26,-4.359329264141947,-0.3965306122448986,64
1764360872.845704,168701,1.2903,27.82,-4.359329264141947,-0.8365306122448999,65
1764360872.9483397,168801,1.2903,27.97,-4.359329264141947,-0.6865306122449013,67
1764360873.0512288,168901,1.2903,28.99,-4.359329264141947,0.33346938775509827,68
1764360873.1540506,169001,1.2805,28.4,-5.085732870443902,-0.2565306122449016,69
1764360873.257167,169101,1.2903,28.95,-4.359329264141947,0.2934693877550991,68
1764360873.3591974,169201,1.2854,29.1,-4.722531067292916,0.44346938775510125,68
1764360873.4616067,169301,1.2903,28.66,-4.359329264141947,0.003469387755099973,68
1764360873.5655904,169401,1.2903,27.93,-4.359329264141947,-0.7265306122449005,68
1764360873.6681347,169501,1.2903,28.59,-4.359329264141947,-0.06653061224490031,68
1764360873.770084,169601,1.2805,28.51,-5.085732870443902,-0.1465306122448986,68
1764360873.8719962,169701,1.2854,28.59,-4.722531067292916,-0.06653061224490031,68
1764360873.973974,169801,1.2854,28.44,-4.722531067292916,-0.2165306122448989,68
1764360874.0759346,169901,1.2854,28.59,-4.722531067292916,-0.06653061224490031,68
1764360874.1853633,170001,1.2854,29.06,-4.722531067292916,0.40346938775509855,68
1764360874.2877316,170101,1.2805,28.84,-5.085732870443902,0.1834693877550997,68
1764360874.3905134,170201,1.2757,28.59,-5.441522391897913,-0.06653061224490031,68
1764360874.492864,170301,1.2805,28.77,-5.085732870443902,0.1134693877550994,68
1764360874.5960543,170401,1.2805,28.88,-5.085732870443902,0.22346938775509884,68
1764360874.6983645,170501,1.2854,28.99,-4.722531067292916,0.33346938775509827,68
1764360874.8007379,170601,1.2854,28.88,-4.722531067292916,0.22346938775509884,68
1764360874.9034271,170701,1.2805,28.73,-5.085732870443902,0.07346938775510026,68
1764360875.006019,170801,1.2854,28.88,-4.722531067292916,0.22346938775509884,68
1764360875.108647,170901,1.2805,28.11,-5.085732870443902,-0.5465306122449007,68
1764360875.2119045,171001,1.2854,27.61,-4.722531067292916,-1.0465306122449007,68
1764360875.3151796,171101,1.2805,28.81,-5.085732870443902,0.15346938775509855,68
1764360875.4173934,171201,1.2757,28.26,-5.441522391897913,-0.3965306122448986,68
1764360875.5193355,171301,1.2854,28.81,-4.722531067292916,0.15346938775509855,68
1764360875.6213558,171401,1.2854,28.7,-4.722531067292916,0.04346938775509912,68
1764360875.7241907,171501,1.2854,29.1,-4.722531067292916,0.44346938775510125,68
1764360875.82676,171601,1.2854,28.44,-4.722531067292916,-0.2165306122448989,68
1764360875.9297416,171701,1.2854,28.73,-4.722531067292916,0.07346938775510026,68
1764360876.0322149,171801,1.2805,28.62,-5.085732870443902,-0.036530612244899174,68
1764360876.133952,171901,1.2757,28.15,-5.441522391897913,-0.5065306122449016,68
1764360876.2361917,172001,1.2805,28.73,-5.085732870443902,0.07346938775510026,68
1764360876.3387964,172101,1.2805,28.81,-5.085732870443902,0.15346938775509855,68
1764360876.4407158,172201,1.2805,28.62,-5.085732870443902,-0.036530612244899174,66
1764360876.543781,172301,1.2805,27.97,-5.085732870443902,-0.6865306122449013,65
1764360876.6473932,172401,1.2805,28.4,-5.085732870443902,-0.2565306122449016,64
1764360876.749351,172501,1.2854,28.66,-4.722531067292916,0.003469387755099973,63
1764360876.8512099,172601,1.2854,28.7,-4.722531067292916,0.04346938775509912,62
1764360876.9532912,172701,1.2854,28.81,-4.722531067292916,0.15346938775509855,62
1764360877.0557942,172801,1.2854,27.82,-4.722531067292916,-0.8365306122448999,63
1764360877.1588864,172901,1.2854,27.54,-4.722531067292916,-1.116530612244901,63
1764360877.261901,173001,1.2903,29.03,-4.359329264141947,0.37346938775510097,63
1764360877.364451,173101,1.2854,28.77,-4.722531067292916,0.1134693877550994,62
1764360877.4663455,173201,1.2854,28.92,-4.722531067292916,0.26346938775510154,61
1764360877.5686283,173301,1.2854,28.88,-4.722531067292916,0.22346938775509884,59
1764360877.6709883,173401,1.2854,28.44,-4.722531067292916,-0.2165306122448989,57
1764360877.7737453,173501,1.2854,28.62,-4.722531067292916,-0.036530612244899174,55
1764360877.8761704,173601,1.2854,28.51,-4.722531067292916,-0.1465306122448986,54
1764360877.9800856,173701,1.2854,27.82,-4.722531067292916,-0.8365306122448999,52
1764360878.0823076,173801,1.2854,28.95,-4.722531067292916,0.2934693877550991,52
1764360878.184979,173901,1.2903,29.1,-4.359329264141947,0.44346938775510125,52
1764360878.287342,174001,1.2854,28.84,-4.722531067292916,0.1834693877550997,52
1764360878.389275,174101,1.2903,28.81,-4.359329264141947,0.15346938775509855,52
1764360878.4918938,174201,1.2903,28.04,-4.359329264141947,-0.616530612244901,52
1764360878.59457,174301,1.2903,28.95,-4.359329264141947,0.2934693877550991,52
1764360878.6976337,174401,1.2903,28.04,-4.359329264141947,-0.616530612244901,52
1764360878.7993271,174501,1.2903,27.82,-4.359329264141947,-0.8365306122448999,52
1764360878.9011748,174601,1.2903,28.04,-4.359329264141947,-0.616530612244901,52
1764360879.003649,174701,1.2903,28.81,-4.359329264141947,0.15346938775509855,52
1764360879.105514,174801,1.2903,28.62,-4.359329264141947,-0.036530612244899174,52
1764360879.208131,174901,1.2805,28.04,-5.085732870443902,-0.616530612244901,52
1764360879.31039,175001,1.2854,28.0,-4.722531067292916,-0.6565306122449002,52
1764360879.4135664,175101,1.2854,28.73,-4.722531067292916,0.07346938775510026,52
1764360879.5152266,175201,1.2903,28.84,-4.359329264141947,0.1834693877550997,52
1764360879.617038,175301,1.2854,28.55,-4.722531067292916,-0.10653061224489946,52
1764360879.718963,175401,1.2903,28.04,-4.359329264141947,-0.616530612244901,52
1764360879.8218644,175501,1.2854,27.68,-4.722531067292916,-0.9765306122449005,52
1764360879.9245389,175601,1.2854,28.88,-4.722531067292916,0.22346938775509884,52
1764360880.0272148,175701,1.2854,28.7,-4.722531067292916,0.04346938775509912,52
1764360880.1296947,175801,1.2903,29.14,-4.359329264141947,0.4834693877551004,52
1764360880.231627,175901,1.2903,28.04,-4.359329264141947,-0.616530612244901,52
1764360880.3342094,176001,1.2903,29.06,-4.359329264141947,0.40346938775509855,52
1764360880.436186,176101,1.2805,28.19,-5.085732870443902,-0.4665306122448989,50
1764360880.5382373,176201,1.2854,28.44,-4.722531067292916,-0.2165306122448989,48
1764360880.64082,176301,1.2854,28.66,-4.722531067292916,0.003469387755099973,46
1764360880.7439065,176401,1.2854,28.26,-4.722531067292916,-0.3965306122448986,43
1764360880.8466275,176501,1.2854,28.04,-4.722531067292916,-0.616530612244901,41
1764360880.9490032,176601,1.2854,28.73,-4.722531067292916,0.07346938775510026,41
1764360881.0510566,176701,1.2854,27.93,-4.722531067292916,-0.7265306122449005,41
1764360881.1533072,176801,1.2854,28.51,-4.722531067292916,-0.1465306122448986,41
1764360881.2555876,176901,1.2854,28.33,-4.722531067292916,-0.3265306122449019,41
1764360881.3591785,177001,1.2805,28.22,-5.085732870443902,-0.4365306122449013,41
1764360881.4617093,177101,1.2805,27.75,-5.085732870443902,-0.9065306122449002,41
1764360881.564236,177201,1.2854,28.73,-4.722531067292916,0.07346938775510026,41
1764360881.666365,177301,1.2903,28.62,-4.359329264141947,-0.036530612244899174,41
1764360881.7686408,177401,1.2805,28.11,-5.085732870443902,-0.5465306122449007,41
1764360881.8707185,177501,1.2854,28.99,-4.722531067292916,0.33346938775509827,41
1764360881.9744437,177601,1.2854,28.95,-4.722531067292916,0.2934693877550991,41
1764360882.0778804,177701,1.2854,28.99,-4.722531067292916,0.33346938775509827,41
1764360882.1802008,177801,1.2805,28.99,-5.085732870443902,0.33346938775509827,41
1764360882.2827148,177901,1.2854,28.62,-4.722531067292916,-0.036530612244899174,41
1764360882.3849506,178001,1.2854,28.37,-4.722531067292916,-0.2865306122448992,41
1764360882.4869628,178101,1.2854,29.1,-4.722531067292916,0.44346938775510125,41
1764360882.5894835,178201,1.2854,28.88,-4.722531067292916,0.22346938775509884,41
1764360882.6924908,178301,1.2903,29.06,-4.359329264141947,0.40346938775509855,41
1764360882.794662,178401,1.2805,28.0,-5.085732870443902,-0.6565306122449002,42
1764360882.8968782,178501,1.2854,29.1,-4.722531067292916,0.44346938775510125,41
1764360882.999167,178601,1.2854,27.68,-4.722531067292916,-0.9765306122449005,41
1764360883.1015491,178701,1.2854,28.66,-4.722531067292916,0.003469387755099973,41
1764360883.2042613,178801,1.2903,29.14,-4.359329264141947,0.4834693877551004,41
1764360883.3068275,178901,1.2854,28.88,-4.722531067292916,0.22346938775509884,41
1764360883.4093633,179001,1.2805,28.29,-5.085732870443902,-0.366530612244901,41
1764360883.5123034,179101,1.2854,28.88,-4.722531067292916,0.22346938775509884,41
1764360883.6147552,179201,1.2854,28.81,-4.722531067292916,0.15346938775509855,42
1764360883.7169142,179301,1.2854,29.17,-4.722531067292916,0.5134693877551015,44
1764360883.8196568,179401,1.2854,28.88,-4.722531067292916,0.22346938775509884,47
1764360883.921531,179501,1.2805,28.26,-5.085732870443902,-0.3965306122448986,49
1764360884.0239406,179601,1.2854,28.66,-4.722531067292916,0.003469387755099973,51
1764360884.126502,179701,1.2854,27.82,-4.722531067292916,-0.8365306122448999,51
1764360884.2285964,179801,1.2903,28.22,-4.359329264141947,-0.4365306122449013,51
1764360884.3310409,179901,1.2903,28.95,-4.359329264141947,0.2934693877550991,51
1764360884.4333498,180001,1.2903,27.97,-4.359329264141947,-0.6865306122449013,51
1764360884.5355654,180101,1.2903,29.1,-4.359329264141947,0.44346938775510125,51
1764360884.6381311,180201,1.2903,28.26,-4.359329264141947,-0.3965306122448986,51
1764360884.7410626,180301,1.2903,27.82,-4.359329264141947,-0.8365306122448999,51
1764360884.8447042,180401,1.2903,28.11,-4.359329264141947,-0.5465306122449007,51
1764360884.9466505,180501,1.2903,28.4,-4.359329264141947,-0.2565306122449016,51
1764360885.0491242,180601,1.2952,29.03,-3.9961274609909787,0.37346938775510097,51
1764360885.1514797,180701,1.2903,28.7,-4.359329264141947,0.04346938775509912,50
1764360885.2534142,180801,1.2903,28.44,-4.359329264141947,-0.2165306122448989,49
1764360885.3569288,180901,1.2854,28.48,-4.722531067292916,-0.17653061224489974,49
1764360885.4596002,181001,1.2854,28.59,-4.722531067292916,-0.06653061224490031,48
1764360885.561344,181101,1.2903,29.1,-4.359329264141947,0.44346938775510125,47
1764360885.66342,181201,1.2903,28.04,-4.359329264141947,-0.616530612244901,47
1764360885.7666276,181301,1.2854,28.62,-4.722531067292916,-0.036530612244899174,47
1764360885.8693058,181401,1.2854,28.73,-4.722531067292916,0.07346938775510026,47
1764360885.9729383,181501,1.2854,27.82,-4.722531067292916,-0.8365306122448999,47
1764360886.0758014,181601,1.2854,28.37,-4.722531067292916,-0.2865306122448992,47
1764360886.1776395,181701,1.2903,29.03,-4.359329264141947,0.37346938775510097,47
1764360886.2795837,181801,1.2854,28.19,-4.722531067292916,-0.4665306122448989,47
1764360886.3819263,181901,1.2854,28.22,-4.722531067292916,-0.4365306122449013,47
1764360886.4845002,182001,1.2854,28.29,-4.722531067292916,-0.366530612244901,47
1764360886.5885353,182101,1.2854,28.77,-4.722531067292916,0.1134693877550994,48
1764360886.6908984,182201,1.2854,28.26,-4.722531067292916,-0.3965306122448986,48
1764360886.7955992,182301,1.2854,28.48,-4.722531067292916,-0.17653061224489974,48
1764360886.8982115,182401,1.2854,28.04,-4.722531067292916,-0.616530612244901,48
1764360887.0004575,182501,1.2854,28.66,-4.722531067292916,0.003469387755099973,48
1764360887.1022162,182601,1.2854,29.1,-4.722531067292916,0.44346938775510125,48
1764360887.2049654,182701,1.2854,28.88,-4.722531067292916,0.22346938775509884,48
1764360887.3083603,182801,1.2757,28.29,-5.441522391897913,-0.366530612244901,48
1764360887.4102328,182901,1.2854,28.26,-4.722531067292916,-0.3965306122448986,48
1764360887.5127223,183001,1.2854,29.14,-4.722531067292916,0.4834693877551004,48
1764360887.6149068,183101,1.2854,27.97,-4.722531067292916,-0.6865306122449013,48
1764360887.7173471,183201,1.2854,28.48,-4.722531067292916,-0.17653061224489974,49
1764360887.819788,183301,1.2854,28.15,-4.722531067292916,-0.5065306122449016,49
1764360887.9232855,183401,1.2854,28.95,-4.722531067292916,0.2934693877550991,49
1764360888.0253482,183501,1.2903,28.15,-4.359329264141947,-0.5065306122449016,49
1764360888.127536,183601,1.2854,27.93,-4.722531067292916,-0.7265306122449005,48
1764360888.2299433,183701,1.2854,28.37,-4.722531067292916,-0.2865306122448992,48
1764360888.332088,183801,1.2854,28.92,-4.722531067292916,0.26346938775510154,47
1764360888.4343772,183901,1.2854,27.93,-4.722531067292916,-0.7265306122449005,46
1764360888.537838,184001,1.2903,29.1,-4.359329264141947,0.44346938775510125,45
1764360888.6405194,184101,1.2903,27.93,-4.359329264141947,-0.7265306122449005,45
1764360888.7426412,184201,1.2903,27.82,-4.359329264141947,-0.8365306122448999,44
1764360888.8451278,184301,1.2903,27.97,-4.359329264141947,-0.6865306122449013,43
1764360888.9471643,184401,1.2903,28.73,-4.359329264141947,0.07346938775510026,43
1764360889.0501022,184501,1.2903,28.77,-4.359329264141947,0.1134693877550994,43
1764360889.1532643,184601,1.2903,28.77,-4.359329264141947,0.1134693877550994,43
1764360889.2559545,184701,1.2903,27.64,-4.359329264141947,-1.0165306122448996,43
1764360889.3583438,184801,1.2903,28.04,-4.359329264141947,-0.616530612244901,43
1764360889.4606721,184901,1.2854,28.51,-4.722531067292916,-0.1465306122448986,43
1764360889.563094,185001,1.2903,28.88,-4.359329264141947,0.22346938775509884,44
1764360889.66528,185101,1.2903,28.04,-4.359329264141947,-0.616530612244901,44
1764360889.768062,185201,1.2903,27.97,-4.359329264141947,-0.6865306122449013,43
1764360889.8715968,185301,1.2903,27.82,-4.359329264141947,-0.8365306122448999,43
1764360889.9735594,185401,1.3001,29.06,-3.632925657839993,0.40346938775509855,43
1764360890.0758638,185501,1.2854,28.4,-4.722531067292916,-0.2565306122449016,42
1764360890.1783473,185601,1.2903,28.66,-4.359329264141947,0.003469387755099973,43
1764360890.2810276,185701,1.2903,28.22,-4.359329264141947,-0.4365306122449013,43
1764360890.3840046,185801,1.2903,28.66,-4.359329264141947,0.003469387755099973,43
1764360890.486911,185901,1.2903,28.04,-4.359329264141947,-0.616530612244901,44
1764360890.5895965,186001,1.2952,28.84,-3.9961274609909787,0.1834693877550997,44
1764360890.6917799,186101,1.2854,28.29,-4.722531067292916,-0.366530612244901,45
1764360890.793741,186201,1.2854,28.73,-4.722531067292916,0.07346938775510026,45
1764360890.896223,186301,1.2854,28.37,-4.722531067292916,-0.2865306122448992,46
1764360890.9985754,186401,1.2903,28.73,-4.359329264141947,0.07346938775510026,47
1764360891.1026013,186501,1.2903,27.97,-4.359329264141947,-0.6865306122449013,48
1764360891.2053666,186601,1.2903,27.68,-4.359329264141947,-0.9765306122449005,48
1764360891.3073227,186701,1.2903,28.81,-4.359329264141947,0.15346938775509855,48
1764360891.4097805,186801,1.2903,28.88,-4.359329264141947,0.22346938775509884,48
1764360891.512,186901,1.2903,28.77,-4.359329264141947,0.1134693877550994,48
1764360891.6142855,187001,1.2903,28.48,-4.359329264141947,-0.17653061224489974,48
1764360891.7173073,187101,1.2903,29.14,-4.359329264141947,0.4834693877551004,48
1764360891.8206997,187201,1.2903,29.14,-4.359329264141947,0.4834693877551004,48
1764360891.922792,187301,1.2903,29.1,-4.359329264141947,0.44346938775510125,48
1764360892.0255342,187401,1.2903,28.29,-4.359329264141947,-0.366530612244901,49
1764360892.1282039,187501,1.2903,27.97,-4.359329264141947,-0.6865306122449013,49
1764360892.2308917,187601,1.2903,27.97,-4.359329264141947,-0.6865306122449013,49
1764360892.3337076,187701,1.2952,28.95,-3.9961274609909787,0.2934693877550991,49
1764360892.4367971,187801,1.2903,27.97,-4.359329264141947,-0.6865306122449013,49
1764360892.539571,187901,1.2903,28.66,-4.359329264141947,0.003469387755099973,48
1764360892.6415246,188001,1.2903,27.97,-4.359329264141947,-0.6865306122449013,48
1764360892.743738,188101,1.2952,28.59,-3.9961274609909787,-0.06653061224490031,47
1764360892.8460004,188201,1.2903,28.62,-4.359329264141947,-0.036530612244899174,46
1764360892.9490151,188301,1.2903,29.17,-4.359329264141947,0.5134693877551015,46
1764360893.0520635,188401,1.2903,27.93,-4.359329264141947,-0.7265306122449005,45
1764360893.1551988,188501,1.2854,28.81,-4.722531067292916,0.15346938775509855,45
1764360893.2574294,188601,1.2903,29.1,-4.359329264141947,0.44346938775510125,45
1764360893.3594224,188701,1.2903,28.95,-4.359329264141947,0.2934693877550991,45
1764360893.4615777,188801,1.2854,28.44,-4.722531067292916,-0.2165306122448989,46
1764360893.563921,188901,1.2854,28.04,-4.722531067292916,-0.616530612244901,46
1764360893.6666791,189001,1.2854,28.19,-4.722531067292916,-0.4665306122448989,47
1764360893.769262,189101,1.2854,28.92,-4.722531067292916,0.26346938775510154,48
1764360893.871397,189201,1.2903,29.06,-4.359329264141947,0.40346938775509855,48
1764360893.9737742,189301,1.2854,28.44,-4.722531067292916,-0.2165306122448989,49
1764360894.0757358,189401,1.2805,28.15,-5.085732870443902,-0.5065306122449016,51
1764360894.1776133,189501,1.2903,29.06,-4.359329264141947,0.40346938775509855,52
1764360894.2801397,189601,1.2757,28.22,-5.441522391897913,-0.4365306122449013,52
1764360894.3827903,189701,1.2757,28.4,-5.441522391897913,-0.2565306122449016,52
1764360894.4861596,189801,1.2854,28.44,-4.722531067292916,-0.2165306122448989,50
1764360894.5882342,189901,1.2854,29.1,-4.722531067292916,0.44346938775510125,48
1764360894.6900127,190001,1.2854,27.54,-4.722531067292916,-1.116530612244901,47
1764360894.7921107,190101,1.2903,29.03,-4.359329264141947,0.37346938775510097,47
1764360894.8943605,190201,1.2854,28.04,-4.722531067292916,-0.616530612244901,49
1764360894.996982,190301,1.2805,27.97,-5.085732870443902,-0.6865306122449013,51
1764360895.1007795,190401,1.2854,28.81,-4.722531067292916,0.15346938775509855,52
1764360895.203776,190501,1.2854,28.51,-4.722531067292916,-0.1465306122448986,54
1764360895.305591,190601,1.2854,28.15,-4.722531067292916,-0.5065306122449016,55
1764360895.407728,190701,1.2805,27.9,-5.085732870443902,-0.7565306122449016,54
1764360895.5099847,190801,1.2854,28.37,-4.722531067292916,-0.2865306122448992,54
1764360895.6126702,190901,1.2854,28.84,-4.722531067292916,0.1834693877550997,53
1764360895.7154107,191001,1.2903,28.99,-4.359329264141947,0.33346938775509827,52
1764360895.8182747,191101,1.2903,28.04,-4.359329264141947,-0.616530612244901,52
1764360895.9208422,191201,1.2903,28.04,-4.359329264141947,-0.616530612244901,51
1764360896.0230455,191301,1.2854,28.66,-4.722531067292916,0.003469387755099973,52
1764360896.1251187,191401,1.2854,28.84,-4.722531067292916,0.1834693877550997,52
1764360896.2273195,191501,1.2903,29.06,-4.359329264141947,0.40346938775509855,54
1764360896.3292913,191601,1.2854,27.64,-4.722531067292916,-1.0165306122448996,55
1764360896.4328344,191701,1.2854,29.1,-4.722531067292916,0.44346938775510125,56
1764360896.5359044,191801,1.2903,28.99,-4.359329264141947,0.33346938775509827,56
1764360896.6376586,191901,1.2903,28.95,-4.359329264141947,0.2934693877550991,55
1764360896.7394495,192001,1.2903,29.1,-4.359329264141947,0.44346938775510125,55
1764360896.8413014,192101,1.2903,27.82,-4.359329264141947,-0.8365306122448999,55
1764360896.9435954,192201,1.2903,28.66,-4.359329264141947,0.003469387755099973,55
1764360897.0455017,192301,1.2903,29.17,-4.359329264141947,0.5134693877551015,55
1764360897.1490412,192401,1.2903,27.68,-4.359329264141947,-0.9765306122449005,55
1764360897.2527354,192501,1.2903,28.95,-4.359329264141947,0.2934693877550991,55
1764360897.354917,192601,1.2903,29.1,-4.359329264141947,0.44346938775510125,55
1764360897.4576738,192701,1.2903,28.84,-4.359329264141947,0.1834693877550997,55
1764360897.5596173,192801,1.2854,28.48,-4.722531067292916,-0.17653061224489974,55
1764360897.6617115,192901,1.2903,27.9,-4.359329264141947,-0.7565306122449016,55
1764360897.7663767,193001,1.2854,28.84,-4.722531067292916,0.1834693877550997,56
1764360897.8687985,193101,1.2903,28.77,-4.359329264141947,0.1134693877550994,58
1764360897.9728146,193201,1.2854,28.55,-4.722531067292916,-0.10653061224489946,60
1764360898.0758476,193301,1.2903,28.77,-4.359329264141947,0.1134693877550994,61
1764360898.1782124,193401,1.2903,29.14,-4.359329264141947,0.4834693877551004,61
1764360898.2815113,193501,1.2903,28.22,-4.359329264141947,-0.4365306122449013,59
1764360898.38395,193601,1.2903,28.84,-4.359329264141947,0.1834693877550997,58
1764360898.4865205,193701,1.2903,28.7,-4.359329264141947,0.04346938775509912,54
1764360898.58849,193801,1.2903,28.19,-4.359329264141947,-0.4665306122448989,50
1764360898.6910279,193901,1.2854,28.55,-4.722531067292916,-0.10653061224489946,48
1764360898.793522,194001,1.2903,28.95,-4.359329264141947,0.2934693877550991,46
1764360898.8957274,194101,1.2903,28.77,-4.359329264141947,0.1134693877550994,44
1764360898.9980326,194201,1.2903,28.55,-4.359329264141947,-0.10653061224489946,44
1764360899.1000903,194301,1.2903,28.95,-4.359329264141947,0.2934693877550991,44
1764360899.2023098,194401,1.2903,28.92,-4.359329264141947,0.26346938775510154,44
1764360899.3044038,194501,1.2903,28.66,-4.359329264141947,0.003469387755099973,44
1764360899.406592,194601,1.2903,29.14,-4.359329264141947,0.4834693877551004,44
1764360899.5085895,194701,1.2903,28.62,-4.359329264141947,-0.036530612244899174,44
1764360899.6108224,194801,1.2903,28.95,-4.359329264141947,0.2934693877550991,44
1764360899.7133808,194901,1.2854,28.48,-4.722531067292916,-0.17653061224489974,44
1764360899.816295,195001,1.2854,28.55,-4.722531067292916,-0.10653061224489946,44
1764360899.9184773,195101,1.2805,27.97,-5.085732870443902,-0.6865306122449013,47
1764360900.0201976,195201,1.2903,28.66,-4.359329264141947,0.003469387755099973,50
1764360900.1224957,195301,1.2903,29.14,-4.359329264141947,0.4834693877551004,53
1764360900.2247834,195401,1.2903,27.97,-4.359329264141947,-0.6865306122449013,55
1764360900.327018,195501,1.2903,28.29,-4.359329264141947,-0.366530612244901,58
1764360900.4299328,195601,1.2903,27.54,-4.359329264141947,-1.116530612244901,57
1764360900.532275,195701,1.2903,28.29,-4.359329264141947,-0.366530612244901,57
1764360900.6349754,195801,1.2903,28.84,-4.359329264141947,0.1834693877550997,57
1764360900.7371745,195901,1.2903,28.95,-4.359329264141947,0.2934693877550991,57
1764360900.839724,196001,1.2903,28.99,-4.359329264141947,0.33346938775509827,57
1764360900.9430325,196101,1.2903,28.44,-4.359329264141947,-0.2165306122448989,57
1764360901.046501,196201,1.2903,28.88,-4.359329264141947,0.22346938775509884,57
1764360901.14931,196301,1.2854,28.51,-4.722531067292916,-0.1465306122448986,59
1764360901.2515266,196401,1.2903,28.7,-4.359329264141947,0.04346938775509912,61
1764360901.3531864,196501,1.2952,28.99,-3.9961274609909787,0.33346938775509827,63
1764360901.4552214,196601,1.2903,28.84,-4.359329264141947,0.1834693877550997,65
1764360901.557747,196701,1.2903,28.59,-4.359329264141947,-0.06653061224490031,67
1764360901.660494,196801,1.2903,27.82,-4.359329264141947,-0.8365306122448999,67
1764360901.7633386,196901,1.2903,29.1,-4.359329264141947,0.44346938775510125,68
1764360901.8665426,197001,1.2903,28.84,-4.359329264141947,0.1834693877550997,68
1764360901.9687243,197101,1.2903,29.1,-4.359329264141947,0.44346938775510125,68
1764360902.0712495,197201,1.2854,28.37,-4.722531067292916,-0.2865306122448992,68
1764360902.1737688,197301,1.2903,28.73,-4.359329264141947,0.07346938775510026,68
1764360902.2760167,197401,1.2903,28.88,-4.359329264141947,0.22346938775509884,68
1764360902.3791811,197501,1.2854,28.7,-4.722531067292916,0.04346938775509912,67
1764360902.482915,197601,1.2903,27.68,-4.359329264141947,-0.9765306122449005,66
1764360902.5848913,197701,1.2903,28.62,-4.359329264141947,-0.036530612244899174,66
1764360902.68689,197801,1.2903,27.93,-4.359329264141947,-0.7265306122449005,65
1764360902.7892506,197901,1.2903,28.44,-4.359329264141947,-0.2165306122448989,65
1764360902.8939548,198001,1.2854,28.66,-4.722531067292916,0.003469387755099973,65
1764360902.9967706,198101,1.2903,28.92,-4.359329264141947,0.26346938775510154,65
1764360903.0994098,198201,1.2854,28.84,-4.722531067292916,0.1834693877550997,66
1764360903.20132,198301,1.2903,28.04,-4.359329264141947,-0.616530612244901,67
1764360903.3038993,198401,1.2903,29.14,-4.359329264141947,0.4834693877551004,68
1764360903.4055588,198501,1.2854,28.88,-4.722531067292916,0.22346938775509884,68
1764360903.5080354,198601,1.2903,29.06,-4.359329264141947,0.40346938775509855,68
1764360903.61048,198701,1.2854,27.86,-4.722531067292916,-0.7965306122449007,68
1764360903.713195,198801,1.2805,28.11,-5.085732870443902,-0.5465306122449007,67
1764360903.8160298,198901,1.2854,28.44,-4.722531067292916,-0.2165306122448989,66
1764360903.9179206,199001,1.2757,26.97,-5.441522391897913,-1.6865306122449013,66
1764360904.0204442,199101,1.2805,27.97,-5.085732870443902,-0.6865306122449013,65
1764360904.1226208,199201,1.2854,28.33,-4.722531067292916,-0.3265306122449019,65
1764360904.2249472,199301,1.2854,28.44,-4.722531067292916,-0.2165306122448989,65
1764360904.3286843,199401,1.2854,28.48,-4.722531067292916,-0.17653061224489974,65
1764360904.4309604,199501,1.2805,28.84,-5.085732870443902,0.1834693877550997,65
1764360904.5330663,199601,1.2805,28.04,-5.085732870443902,-0.616530612244901,65
1764360904.6354406,199701,1.2854,28.81,-4.722531067292916,0.15346938775509855,65
1764360904.7376778,199801,1.2854,28.59,-4.722531067292916,-0.06653061224490031,65
1764360904.83966,199901,1.2854,28.55,-4.722531067292916,-0.10653061224489946,65
1764360904.9436924,200001,1.2952,29.06,-3.9961274609909787,0.40346938775509855,66
1764360905.0469506,200101,1.2854,28.7,-4.722531067292916,0.04346938775509912,65
1764360905.1499684,200201,1.2903,28.95,-4.359329264141947,0.2934693877550991,65
1764360905.2522025,200301,1.2854,28.48,-4.722531067292916,-0.17653061224489974,64
1764360905.354622,200401,1.2854,28.95,-4.722531067292916,0.2934693877550991,64
1764360905.456952,200501,1.2854,28.88,-4.722531067292916,0.22346938775509884,63
1764360905.5597732,200601,1.2903,28.99,-4.359329264141947,0.33346938775509827,63
1764360905.6627805,200701,1.2805,28.0,-5.085732870443902,-0.6565306122449002,64
1764360905.7650588,200801,1.2805,28.48,-5.085732870443902,-0.17653061224489974,64
1764360905.8672082,200901,1.2805,28.22,-5.085732870443902,-0.4365306122449013,64
1764360905.9691265,201001,1.2854,29.1,-4.722531067292916,0.44346938775510125,65
1764360906.0710976,201101,1.2805,28.22,-5.085732870443902,-0.4365306122449013,65
1764360906.1734695,201201,1.2854,28.7,-4.722531067292916,0.04346938775509912,65
1764360906.2768414,201301,1.2854,28.55,-4.722531067292916,-0.10653061224489946,65
1764360906.3797982,201401,1.2854,28.51,-4.722531067292916,-0.1465306122448986,65
1764360906.4820025,201501,1.2903,28.81,-4.359329264141947,0.15346938775509855,65
1764360906.5841346,201601,1.2903,27.82,-4.359329264141947,-0.8365306122448999,64
1764360906.6858585,201701,1.2903,28.84,-4.359329264141947,0.1834693877550997,64
1764360906.7885308,201801,1.2903,28.44,-4.359329264141947,-0.2165306122448989,63
1764360906.891368,201901,1.2903,28.15,-4.359329264141947,-0.5065306122449016,63
1764360906.9955642,202001,1.2854,29.03,-4.722531067292916,0.37346938775510097,62
1764360907.0976398,202101,1.2903,29.03,-4.359329264141947,0.37346938775510097,61
1764360907.19991,202201,1.2854,28.08,-4.722531067292916,-0.5765306122449019,61
1764360907.302071,202301,1.2854,28.77,-4.722531067292916,0.1134693877550994,60
1764360907.4047222,202401,1.2805,27.97,-5.085732870443902,-0.6865306122449013,59
1764360907.50669,202501,1.2854,28.4,-4.722531067292916,-0.2565306122449016,59
1764360907.6095326,202601,1.2903,27.97,-4.359329264141947,-0.6865306122449013,58
1764360907.7130032,202701,1.2903,28.73,-4.359329264141947,0.07346938775510026,58
1764360907.8149855,202801,1.2903,27.72,-4.359329264141947,-0.9365306122449013,58
1764360907.917156,202901,1.2854,28.22,-4.722531067292916,-0.4365306122449013,58
1764360908.0194018,203001,1.2854,28.95,-4.722531067292916,0.2934693877550991,58
1764360908.1214967,203101,1.2903,28.33,-4.359329264141947,-0.3265306122449019,58
1764360908.2250288,203201,1.2854,28.37,-4.722531067292916,-0.2865306122448992,58
1764360908.327833,203301,1.2903,28.19,-4.359329264141947,-0.4665306122448989,58
1764360908.4306133,203401,1.2854,28.26,-4.722531067292916,-0.3965306122448986,58
1764360908.5326612,203501,1.3001,29.1,-3.632925657839993,0.44346938775510125,59
1764360908.6344688,203601,1.2854,28.62,-4.722531067292916,-0.036530612244899174,59
1764360908.7369196,203701,1.2854,28.22,-4.722531067292916,-0.4365306122449013,59
1764360908.839594,203801,1.2903,29.06,-4.359329264141947,0.40346938775509855,59
1764360908.942503,203901,1.2854,28.84,-4.722531067292916,0.1834693877550997,60
1764360909.0498304,204001,1.2805,27.75,-5.085732870443902,-0.9065306122449002,60
1764360909.154296,204101,1.2903,28.11,-4.359329264141947,-0.5465306122449007,60
1764360909.2568293,204201,1.2903,28.59,-4.359329264141947,-0.06653061224490031,61
1764360909.3590772,204301,1.2757,28.55,-5.441522391897913,-0.10653061224489946,62
1764360909.4625673,204401,1.2903,28.88,-4.359329264141947,0.22346938775509884,62
1764360909.5648582,204501,1.2903,27.97,-4.359329264141947,-0.6865306122449013,63
1764360909.6665397,204601,1.2903,28.88,-4.359329264141947,0.22346938775509884,63
1764360909.7692096,204701,1.2903,27.93,-4.359329264141947,-0.7265306122449005,64
1764360909.871428,204801,1.2903,28.22,-4.359329264141947,-0.4365306122449013,64
1764360909.9754124,204901,1.2903,28.99,-4.359329264141947,0.33346938775509827,64
1764360910.0778067,205001,1.2903,27.68,-4.359329264141947,-0.9765306122449005,64
1764360910.1800523,205101,1.2903,28.33,-4.359329264141947,-0.3265306122449019,64
1764360910.2821982,205201,1.2903,28.29,-4.359329264141947,-0.366530612244901,63
1764360910.3852513,205301,1.2854,28.84,-4.722531067292916,0.1834693877550997,63
1764360910.4876618,205401,1.2903,28.66,-4.359329264141947,0.003469387755099973,64
1764360910.5911314,205501,1.2903,28.26,-4.359329264141947,-0.3965306122448986,64
1764360910.694012,205601,1.2903,28.92,-4.359329264141947,0.26346938775510154,64
1764360910.7959385,205701,1.2903,28.95,-4.359329264141947,0.2934693877550991,65
1764360910.8989997,205801,1.2903,28.92,-4.359329264141947,0.26346938775510154,65
1764360911.00134,205901,1.2854,28.33,-4.722531067292916,-0.3265306122449019,65
1764360911.1040545,206001,1.2854,28.44,-4.722531067292916,-0.2165306122448989,65
1764360911.2077062,206101,1.2854,28.92,-4.722531067292916,0.26346938775510154,65
1764360911.3103101,206201,1.2854,28.73,-4.722531067292916,0.07346938775510026,65
1764360911.4126096,206301,1.2757,28.26,-5.441522391897913,-0.3965306122448986,65
1764360911.514791,206401,1.2805,28.15,-5.085732870443902,-0.5065306122449016,66
1764360911.6171544,206501,1.2854,29.1,-4.722531067292916,0.44346938775510125,66
1764360911.7193446,206601,1.2805,28.99,-5.085732870443902,0.33346938775509827,67
1764360911.8219416,206701,1.2805,28.55,-5.085732870443902,-0.10653061224489946,67
1764360911.9243379,206801,1.2757,28.37,-5.441522391897913,-0.2865306122448992,68
1764360912.0266788,206901,1.2805,29.14,-5.085732870443902,0.4834693877551004,68
1764360912.1287053,207001,1.2805,28.81,-5.085732870443902,0.15346938775509855,68
1764360912.2310433,207101,1.2854,29.03,-4.722531067292916,0.37346938775510097,68
1764360912.333449,207201,1.2854,28.55,-4.722531067292916,-0.10653061224489946,68
1764360912.43584,207301,1.2854,28.19,-4.722531067292916,-0.4665306122448989,68
1764360912.5394418,207401,1.2854,28.33,-4.722531067292916,-0.3265306122449019,68
1764360912.6420288,207501,1.2854,28.77,-4.722531067292916,0.1134693877550994,68
1764360912.7448206,207601,1.2805,28.44,-5.085732870443902,-0.2165306122448989,68
1764360912.847105,207701,1.2854,28.99,-4.722531067292916,0.33346938775509827,68
1764360912.9493713,207801,1.2805,28.11,-5.085732870443902,-0.5465306122449007,68
1764360913.0518458,207901,1.2854,28.55,-4.722531067292916,-0.10653061224489946,68
1764360913.1545792,208001,1.2903,28.99,-4.359329264141947,0.33346938775509827,68
1764360913.2572064,208101,1.2903,28.73,-4.359329264141947,0.07346938775510026,68
1764360913.359666,208201,1.2805,28.04,-5.085732870443902,-0.616530612244901,66
1764360913.4615302,208301,1.2854,28.7,-4.722531067292916,0.04346938775509912,64
1764360913.5645137,208401,1.2854,28.48,-4.722531067292916,-0.17653061224489974,61
1764360913.6666641,208501,1.2757,27.97,-5.441522391897913,-0.6865306122449013,60
1764360913.7692235,208601,1.2854,28.33,-4.722531067292916,-0.3265306122449019,58
1764360913.8728428,208701,1.2854,27.97,-4.722531067292916,-0.6865306122449013,58
1764360913.97579,208801,1.2854,28.59,-4.722531067292916,-0.06653061224490031,59
1764360914.0776205,208901,1.2854,28.33,-4.722531067292916,-0.3265306122449019,60
1764360914.1796653,209001,1.2903,28.99,-4.359329264141947,0.33346938775509827,60
1764360914.282634,209101,1.2854,28.55,-4.722531067292916,-0.10653061224489946,60
1764360914.3848855,209201,1.2903,29.1,-4.359329264141947,0.44346938775510125,60
1764360914.4892964,209301,1.2903,28.88,-4.359329264141947,0.22346938775509884,60
1764360914.5920022,209401,1.2854,28.48,-4.722531067292916,-0.17653061224489974,59
1764360914.6939418,209501,1.2854,28.4,-4.722531067292916,-0.2565306122449016,59
1764360914.796272,209601,1.2854,28.95,-4.722531067292916,0.2934693877550991,59
1764360914.8980753,209701,1.2854,28.33,-4.722531067292916,-0.3265306122449019,58
1764360915.0003269,209801,1.2854,28.84,-4.722531067292916,0.1834693877550997,58
1764360915.1030886,209901,1.2854,28.51,-4.722531067292916,-0.1465306122448986,58
1764360915.2059803,210001,1.2903,28.29,-4.359329264141947,-0.366530612244901,58
1764360915.3082185,210101,1.2903,28.15,-4.359329264141947,-0.5065306122449016,57
1764360915.4108744,210201,1.2854,28.84,-4.722531067292916,0.1834693877550997,57
1764360915.5135396,210301,1.2903,29.03,-4.359329264141947,0.37346938775510097,56
1764360915.6158621,210401,1.2854,28.44,-4.722531067292916,-0.2165306122448989,56
1764360915.718093,210501,1.2854,28.26,-4.722531067292916,-0.3965306122448986,57
1764360915.822751,210601,1.2854,28.4,-4.722531067292916,-0.2565306122449016,58
1764360915.9251215,210701,1.2903,29.14,-4.359329264141947,0.4834693877551004,59
1764360916.0271404,210801,1.2854,28.66,-4.722531067292916,0.003469387755099973,60
1764360916.1291761,210901,1.2903,28.92,-4.359329264141947,0.26346938775510154,61
1764360916.2316122,211001,1.2903,29.14,-4.359329264141947,0.4834693877551004,61
1764360916.3334768,211101,1.2903,28.33,-4.359329264141947,-0.3265306122449019,62
1764360916.4361815,211201,1.2854,28.73,-4.722531067292916,0.07346938775510026,62
1764360916.5389826,211301,1.2854,27.79,-4.722531067292916,-0.866530612244901,61
1764360916.6418204,211401,1.2854,28.55,-4.722531067292916,-0.10653061224489946,61
1764360916.743882,211501,1.2903,29.17,-4.359329264141947,0.5134693877551015,61
1764360916.845692,211601,1.2854,28.04,-4.722531067292916,-0.616530612244901,60
1764360916.948518,211701,1.2854,28.44,-4.722531067292916,-0.2165306122448989,59
1764360917.051305,211801,1.2854,28.99,-4.722531067292916,0.33346938775509827,58
1764360917.1546898,211901,1.2854,28.55,-4.722531067292916,-0.10653061224489946,58
1764360917.2569485,212001,1.2854,28.62,-4.722531067292916,-0.036530612244899174,58
1764360917.3591137,212101,1.2854,27.61,-4.722531067292916,-1.0465306122449007,59
1764360917.461389,212201,1.2854,27.82,-4.722531067292916,-0.8365306122448999,59
1764360917.5637758,212301,1.2854,28.51,-4.722531067292916,-0.1465306122448986,60
1764360917.6662195,212401,1.2903,28.73,-4.359329264141947,0.07346938775510026,61
1764360917.7687268,212501,1.2952,29.03,-3.9961274609909787,0.37346938775510097,60
1764360917.8713653,212601,1.2903,29.1,-4.359329264141947,0.44346938775510125,58
1764360917.9743853,212701,1.2903,28.19,-4.359329264141947,-0.4665306122448989,57
1764360918.0766017,212801,1.2805,27.97,-5.085732870443902,-0.6865306122449013,55
1764360918.1791053,212901,1.2854,28.29,-4.722531067292916,-0.366530612244901,53
1764360918.280864,213001,1.2903,27.61,-4.359329264141947,-1.0465306122449007,54
1764360918.3835533,213101,1.2854,28.04,-4.722531067292916,-0.616530612244901,56
1764360918.4864862,213201,1.2854,28.29,-4.722531067292916,-0.366530612244901,56
1764360918.5893507,213301,1.2854,28.29,-4.722531067292916,-0.366530612244901,56
1764360918.691391,213401,1.2854,29.1,-4.722531067292916,0.44346938775510125,56
1764360918.7934523,213501,1.2903,29.1,-4.359329264141947,0.44346938775510125,56
1764360918.8954504,213601,1.2903,28.81,-4.359329264141947,0.15346938775509855,55
1764360918.9995387,213701,1.2903,29.1,-4.359329264141947,0.44346938775510125,56
1764360919.1029258,213801,1.2903,27.61,-4.359329264141947,-1.0465306122449007,57
1764360919.205211,213901,1.2854,28.62,-4.722531067292916,-0.036530612244899174,57
1764360919.3081992,214001,1.2854,28.04,-4.722531067292916,-0.616530612244901,56
1764360919.4105728,214101,1.2854,28.7,-4.722531067292916,0.04346938775509912,56
1764360919.5133111,214201,1.2903,28.99,-4.359329264141947,0.33346938775509827,55
1764360919.6154277,214301,1.2903,28.0,-4.359329264141947,-0.6565306122449002,54
1764360919.7189534,214401,1.2903,28.26,-4.359329264141947,-0.3965306122448986,53
1764360919.8217978,214501,1.2854,28.44,-4.722531067292916,-0.2165306122448989,53
1764360919.9244525,214601,1.2854,28.7,-4.722531067292916,0.04346938775509912,53
1764360920.0269697,214701,1.2805,28.81,-5.085732870443902,0.15346938775509855,54
1764360920.1293511,214801,1.2903,29.14,-4.359329264141947,0.4834693877551004,54
1764360920.2320735,214901,1.2903,28.66,-4.359329264141947,0.003469387755099973,55
1764360920.3355198,215001,1.2903,28.77,-4.359329264141947,0.1134693877550994,55
1764360920.43841,215101,1.2903,28.15,-4.359329264141947,-0.5065306122449016,55
1764360920.5405834,215201,1.2854,28.22,-4.722531067292916,-0.4365306122449013,55
1764360920.6429482,215301,1.2854,28.55,-4.722531067292916,-0.10653061224489946,58
1764360920.7462173,215401,1.2903,28.48,-4.359329264141947,-0.17653061224489974,61
1764360920.8487725,215501,1.2903,29.06,-4.359329264141947,0.40346938775509855,64
1764360920.9513116,215601,1.2854,28.95,-4.722531067292916,0.2934693877550991,66
1764360921.0540109,215701,1.2854,28.7,-4.722531067292916,0.04346938775509912,67
1764360921.156983,215801,1.2903,29.1,-4.359329264141947,0.44346938775510125,66
1764360921.259503,215901,1.2903,28.84,-4.359329264141947,0.1834693877550997,65
1764360921.3613815,216001,1.2903,28.66,-4.359329264141947,0.003469387755099973,64
1764360921.4640574,216101,1.2903,28.77,-4.359329264141947,0.1134693877550994,64
1764360921.566565,216201,1.2903,28.19,-4.359329264141947,-0.4665306122448989,64
1764360921.6692,216301,1.2903,28.81,-4.359329264141947,0.15346938775509855,64
1764360921.7721934,216401,1.2903,28.15,-4.359329264141947,-0.5065306122449016,64
1764360921.8745997,216501,1.2903,28.66,-4.359329264141947,0.003469387755099973,64
1764360921.9772832,216601,1.2903,27.93,-4.359329264141947,-0.7265306122449005,64
1764360922.0794218,216701,1.2903,27.54,-4.359329264141947,-1.116530612244901,64
1764360922.1823626,216801,1.2903,28.81,-4.359329264141947,0.15346938775509855,64
1764360922.2850404,216901,1.2903,28.44,-4.359329264141947,-0.2165306122448989,64
1764360922.3882015,217001,1.2903,28.66,-4.359329264141947,0.003469387755099973,64
1764360922.490628,217101,1.2854,28.59,-4.722531067292916,-0.06653061224490031,64
1764360922.5930007,217201,1.2903,28.0,-4.359329264141947,-0.6565306122449002,64
1764360922.6954277,217301,1.2854,28.04,-4.722531067292916,-0.616530612244901,64
1764360922.798002,217401,1.2854,28.66,-4.722531067292916,0.003469387755099973,64
1764360922.900291,217501,1.2903,28.7,-4.359329264141947,0.04346938775509912,64
1764360923.0024028,217601,1.2903,28.04,-4.359329264141947,-0.616530612244901,65
1764360923.103911,217701,1.2854,28.7,-4.722531067292916,0.04346938775509912,64
1764360923.2056477,217801,1.2903,28.92,-4.359329264141947,0.26346938775510154,64
1764360923.308056,217901,1.2854,28.55,-4.722531067292916,-0.10653061224489946,65
1764360923.4100525,218001,1.2903,28.0,-4.359329264141947,-0.6565306122449002,66
